lat, lon, rep_date, source, sensor, fwi, fuel, ros, sfc, tfc, bfc, hfi, estarea, area, heat, area fraction, flaming fraction, smoldering fraction, residual fraction
31.980, -95.91, 2017-03-02 00:13:00, NOAA, AVHRR, 80.6 19.4 79.8 24.3 20.1, D1, 3.799950, 0.535064, 0.535064, 1.113680, 610, 148.31,0.00;4.40;3.46;2.66;1.98;1.48;1.13;0.88;0.71;0.59;0.50;0.44;0.40;0.37;0.77;0.99;1.65;2.17;3.47;4.88;3.66;4.25;4.77;5.33;4.95;4.40;3.46;2.66;1.98;1.48;1.13;0.88;0.71;0.59;0.50;0.44;0.40;0.37;0.77;0.99;1.65;2.17;3.47;4.88;3.66;4.25;4.77;5.33;4.95;4.40;3.46;2.66;1.98;1.48;1.13;0.00;0.00;0.00;0.00;0.00;0.00;0.00;0.00;0.00;0.00;0.00;0.00;0.00;0.00;0.00;0.00;0.00, 6.46e+011;1.32e+011;1.03e+011;7.85e+010;5.79e+010;4.29e+010;3.24e+010;2.51e+010;2.00e+010;1.65e+010;1.40e+010;1.22e+010;1.09e+010;1.05e+010;2.21e+010;2.89e+010;4.87e+010;6.51e+010;1.05e+011;1.46e+011;1.10e+011;1.28e+011;1.45e+011;1.61e+011;1.49e+011;1.32e+011;1.03e+011;7.85e+010;5.79e+010;4.29e+010;3.24e+010;2.51e+010;2.00e+010;1.65e+010;1.40e+010;1.22e+010;1.09e+010;1.05e+010;2.21e+010;2.89e+010;4.87e+010;6.51e+010;1.05e+011;1.46e+011;1.10e+011;1.28e+011;1.45e+011;1.61e+011;1.49e+011;1.32e+011;1.03e+011;7.85e+010;5.79e+010;4.29e+010;3.24e+010;0.00e+000;0.00e+000;0.00e+000;0.00e+000;0.00e+000;0.00e+000;0.00e+000;0.00e+000;0.00e+000;0.00e+000;0.00e+000;0.00e+000;0.00e+000;0.00e+000;0.00e+000;0.00e+000;0.00e+000,0.0000;0.0297;0.0233;0.0179;0.0133;0.0100;0.0076;0.0059;0.0048;0.0040;0.0034;0.0030;0.0027;0.0025;0.0052;0.0066;0.0111;0.0147;0.0234;0.0329;0.0247;0.0286;0.0322;0.0359;0.0333;0.0297;0.0233;0.0179;0.0133;0.0100;0.0076;0.0059;0.0048;0.0040;0.0034;0.0030;0.0027;0.0025;0.0052;0.0066;0.0111;0.0147;0.0234;0.0329;0.0247;0.0286;0.0322;0.0359;0.0333;0.0297;0.0233;0.0179;0.0133;0.0100;0.0076;0.0000;0.0000;0.0000;0.0000;0.0000;0.0000;0.0000;0.0000;0.0000;0.0000;0.0000;0.0000;0.0000;0.0000;0.0000;0.0000;0.0000, 0.0000;0.0185;0.0185;0.0185;0.0185;0.0185;0.0185;0.0185;0.0185;0.0185;0.0185;0.0185;0.0185;0.0185;0.0185;0.0185;0.0185;0.0185;0.0185;0.0185;0.0185;0.0185;0.0185;0.0185;0.0185;0.0185;0.0185;0.0185;0.0185;0.0185;0.0185;0.0185;0.0185;0.0185;0.0185;0.0185;0.0185;0.0185;0.0185;0.0185;0.0185;0.0185;0.0185;0.0185;0.0185;0.0185;0.0185;0.0185;0.0185;0.0185;0.0185;0.0185;0.0185;0.0185;0.0185;0.0000;0.0000;0.0000;0.0000;0.0000;0.0000;0.0000;0.0000;0.0000;0.0000;0.0000;0.0000;0.0000;0.0000;0.0000;0.0000;0.0000, 0.0000;0.0185;0.0185;0.0185;0.0185;0.0185;0.0185;0.0185;0.0185;0.0185;0.0185;0.0185;0.0185;0.0185;0.0185;0.0185;0.0185;0.0185;0.0185;0.0185;0.0185;0.0185;0.0185;0.0185;0.0185;0.0185;0.0185;0.0185;0.0185;0.0185;0.0185;0.0185;0.0185;0.0185;0.0185;0.0185;0.0185;0.0185;0.0185;0.0185;0.0185;0.0185;0.0185;0.0185;0.0185;0.0185;0.0185;0.0185;0.0185;0.0185;0.0185;0.0185;0.0185;0.0185;0.0185;0.0000;0.0000;0.0000;0.0000;0.0000;0.0000;0.0000;0.0000;0.0000;0.0000;0.0000;0.0000;0.0000;0.0000;0.0000;0.0000;0.0000, -999.
31.980, -95.92, 2017-03-02 00:13:00, NOAA, AVHRR, 80.7 19.1 77.1 24.3 20.0, D1, 3.824090, 0.525820, 0.525820, 1.086600, 603, 148.98,0.00;4.43;3.48;2.68;1.99;1.49;1.13;0.89;0.71;0.59;0.50;0.44;0.40;0.37;0.77;0.99;1.66;2.19;3.48;4.88;3.69;4.27;4.80;5.36;4.97;4.43;3.48;2.68;1.99;1.49;1.13;0.89;0.71;0.59;0.50;0.44;0.40;0.37;0.77;0.99;1.66;2.19;3.48;4.88;3.69;4.27;4.80;5.36;4.97;4.43;3.48;2.68;1.99;1.49;1.13;0.00;0.00;0.00;0.00;0.00;0.00;0.00;0.00;0.00;0.00;0.00;0.00;0.00;0.00;0.00;0.00;0.00, 6.36e+011;1.30e+011;1.02e+011;7.76e+010;5.73e+010;4.24e+010;3.20e+010;2.48e+010;1.98e+010;1.62e+010;1.38e+010;1.20e+010;1.07e+010;1.03e+010;2.18e+010;2.86e+010;4.82e+010;6.44e+010;1.03e+011;1.44e+011;1.09e+011;1.27e+011;1.43e+011;1.59e+011;1.47e+011;1.30e+011;1.02e+011;7.76e+010;5.73e+010;4.24e+010;3.20e+010;2.48e+010;1.98e+010;1.62e+010;1.38e+010;1.20e+010;1.07e+010;1.03e+010;2.18e+010;2.86e+010;4.82e+010;6.44e+010;1.03e+011;1.44e+011;1.09e+011;1.27e+011;1.43e+011;1.59e+011;1.47e+011;1.30e+011;1.02e+011;7.76e+010;5.73e+010;4.24e+010;3.20e+010;0.00e+000;0.00e+000;0.00e+000;0.00e+000;0.00e+000;0.00e+000;0.00e+000;0.00e+000;0.00e+000;0.00e+000;0.00e+000;0.00e+000;0.00e+000;0.00e+000;0.00e+000;0.00e+000;0.00e+000,0.0000;0.0297;0.0234;0.0180;0.0134;0.0100;0.0076;0.0059;0.0048;0.0040;0.0034;0.0030;0.0027;0.0025;0.0052;0.0067;0.0111;0.0147;0.0234;0.0328;0.0248;0.0287;0.0322;0.0360;0.0334;0.0297;0.0234;0.0180;0.0134;0.0100;0.0076;0.0059;0.0048;0.0040;0.0034;0.0030;0.0027;0.0025;0.0052;0.0067;0.0111;0.0147;0.0234;0.0328;0.0248;0.0287;0.0322;0.0360;0.0334;0.0297;0.0234;0.0180;0.0134;0.0100;0.0076;0.0000;0.0000;0.0000;0.0000;0.0000;0.0000;0.0000;0.0000;0.0000;0.0000;0.0000;0.0000;0.0000;0.0000;0.0000;0.0000;0.0000, 0.0000;0.0185;0.0185;0.0185;0.0185;0.0185;0.0185;0.0185;0.0185;0.0185;0.0185;0.0185;0.0185;0.0185;0.0185;0.0185;0.0185;0.0185;0.0185;0.0185;0.0185;0.0185;0.0185;0.0185;0.0185;0.0185;0.0185;0.0185;0.0185;0.0185;0.0185;0.0185;0.0185;0.0185;0.0185;0.0185;0.0185;0.0185;0.0185;0.0185;0.0185;0.0185;0.0185;0.0185;0.0185;0.0185;0.0185;0.0185;0.0185;0.0185;0.0185;0.0185;0.0185;0.0185;0.0185;0.0000;0.0000;0.0000;0.0000;0.0000;0.0000;0.0000;0.0000;0.0000;0.0000;0.0000;0.0000;0.0000;0.0000;0.0000;0.0000;0.0000, 0.0000;0.0185;0.0185;0.0185;0.0185;0.0185;0.0185;0.0185;0.0185;0.0185;0.0185;0.0185;0.0185;0.0185;0.0185;0.0185;0.0185;0.0185;0.0185;0.0185;0.0185;0.0185;0.0185;0.0185;0.0185;0.0185;0.0185;0.0185;0.0185;0.0185;0.0185;0.0185;0.0185;0.0185;0.0185;0.0185;0.0185;0.0185;0.0185;0.0185;0.0185;0.0185;0.0185;0.0185;0.0185;0.0185;0.0185;0.0185;0.0185;0.0185;0.0185;0.0185;0.0185;0.0185;0.0185;0.0000;0.0000;0.0000;0.0000;0.0000;0.0000;0.0000;0.0000;0.0000;0.0000;0.0000;0.0000;0.0000;0.0000;0.0000;0.0000;0.0000, -999.
31.980, -95.90, 2017-03-02 00:13:00, NOAA, AVHRR, 80.6 19.5 79.2 24.3 20.1, C1, 8.175160, 1.395260, 1.995260, 1.106990, 4893, 219.42,0.00;8.59;5.11;2.81;1.40;0.69;0.35;0.19;0.11;0.06;0.04;0.03;0.02;0.02;0.13;0.25;0.89;1.75;5.14;10.70;5.79;7.96;10.19;12.78;10.97;8.59;5.11;2.81;1.40;0.69;0.35;0.19;0.11;0.06;0.04;0.03;0.02;0.02;0.13;0.25;0.89;1.75;5.14;10.70;5.79;7.96;10.19;12.78;10.97;8.59;5.11;2.81;1.40;0.69;0.35;0.00;0.00;0.00;0.00;0.00;0.00;0.00;0.00;0.00;0.00;0.00;0.00;0.00;0.00;0.00;0.00;0.00, 1.50e+012;4.47e+011;2.62e+011;1.41e+011;3.73e+010;1.10e+010;3.69e+009;1.36e+009;5.47e+008;2.41e+008;1.16e+008;6.08e+007;3.41e+007;1.56e+008;1.65e+009;9.44e+009;4.53e+010;9.08e+010;2.71e+011;5.57e+011;3.03e+011;4.19e+011;6.15e+011;6.74e+011;5.76e+011;4.47e+011;2.62e+011;1.41e+011;3.73e+010;1.10e+010;3.69e+009;1.36e+009;5.47e+008;2.41e+008;1.16e+008;6.08e+007;3.41e+007;1.56e+008;1.65e+009;9.44e+009;4.53e+010;9.08e+010;2.71e+011;5.57e+011;3.03e+011;4.19e+011;6.15e+011;6.74e+011;5.76e+011;4.47e+011;2.62e+011;1.41e+011;3.73e+010;1.10e+010;3.69e+009;0.00e+000;0.00e+000;0.00e+000;0.00e+000;0.00e+000;0.00e+000;0.00e+000;0.00e+000;0.00e+000;0.00e+000;0.00e+000;0.00e+000;0.00e+000;0.00e+000;0.00e+000;0.00e+000;0.00e+000,0.0000;0.0392;0.0233;0.0128;0.0064;0.0031;0.0016;0.0008;0.0005;0.0003;0.0002;0.0001;0.0001;0.0001;0.0006;0.0011;0.0041;0.0080;0.0234;0.0488;0.0264;0.0363;0.0464;0.0582;0.0500;0.0392;0.0233;0.0128;0.0064;0.0031;0.0016;0.0008;0.0005;0.0003;0.0002;0.0001;0.0001;0.0001;0.0006;0.0011;0.0041;0.0080;0.0234;0.0488;0.0264;0.0363;0.0464;0.0582;0.0500;0.0392;0.0233;0.0128;0.0064;0.0031;0.0016;0.0000;0.0000;0.0000;0.0000;0.0000;0.0000;0.0000;0.0000;0.0000;0.0000;0.0000;0.0000;0.0000;0.0000;0.0000;0.0000;0.0000, 0.0000;0.0299;0.0296;0.0291;0.0154;0.0093;0.0062;0.0044;0.0031;0.0022;0.0016;0.0012;0.0009;0.0050;0.0075;0.0220;0.0293;0.0299;0.0302;0.0300;0.0301;0.0301;0.0328;0.0302;0.0301;0.0299;0.0296;0.0291;0.0154;0.0093;0.0062;0.0044;0.0031;0.0022;0.0016;0.0012;0.0009;0.0050;0.0075;0.0220;0.0293;0.0299;0.0302;0.0300;0.0301;0.0301;0.0328;0.0302;0.0301;0.0299;0.0296;0.0291;0.0154;0.0093;0.0062;0.0000;0.0000;0.0000;0.0000;0.0000;0.0000;0.0000;0.0000;0.0000;0.0000;0.0000;0.0000;0.0000;0.0000;0.0000;0.0000;0.0000, 0.0000;0.0363;0.0309;0.0202;0.0047;0.0028;0.0019;0.0013;0.0009;0.0007;0.0005;0.0004;0.0003;0.0015;0.0023;0.0066;0.0245;0.0363;0.0407;0.0371;0.0391;0.0405;0.0420;0.0408;0.0396;0.0363;0.0309;0.0202;0.0047;0.0028;0.0019;0.0013;0.0009;0.0007;0.0005;0.0004;0.0003;0.0015;0.0023;0.0066;0.0245;0.0363;0.0407;0.0371;0.0391;0.0405;0.0420;0.0408;0.0396;0.0363;0.0309;0.0202;0.0047;0.0028;0.0019;0.0000;0.0000;0.0000;0.0000;0.0000;0.0000;0.0000;0.0000;0.0000;0.0000;0.0000;0.0000;0.0000;0.0000;0.0000;0.0000;0.0000, 0.0000;0.0389;0.0314;0.0163;0.0000;0.0000;0.0000;0.0000;0.0000;0.0000;0.0000;0.0000;0.0000;0.0000;0.0000;0.0000;0.0224;0.0390;0.0452;0.0402;0.0430;0.0449;0.0464;0.0454;0.0436;0.0389;0.0314;0.0163;0.0000;0.0000;0.0000;0.0000;0.0000;0.0000;0.0000;0.0000;0.0000;0.0000;0.0000;0.0000;0.0224;0.0390;0.0452;0.0402;0.0430;0.0449;0.0464;0.0454;0.0436;0.0389;0.0314;0.0163;0.0000;0.0000;0.0000;0.0000;0.0000;0.0000;0.0000;0.0000;0.0000;0.0000;0.0000;0.0000;0.0000;0.0000;0.0000;0.0000;0.0000;0.0000;0.0000;0.0000
 35.910, -119.88, 2017-03-02 01:59:00, NOAA, AVHRR, 75.8 8.9 135.8 10.9 5.2, low_, 1.734730, 0.100000, 0.100000, 1.623820, 52, 0.00,0.00;0.00;-9.31;0.00;0.00;0.00;0.00;0.00;0.00;0.00;0.00;0.00;0.00;0.00;0.00;0.00;0.00;0.00;0.00;0.00;0.00;0.00;0.00;0.00;0.00;0.00;0.00;0.00;0.00;0.00;0.00;0.00;0.00;0.00;0.00;0.00;0.00;0.00;0.00;0.00;0.00;0.00;0.00;0.00;0.00;0.00;0.00;0.00;0.00;0.00;0.00;0.00;0.00;0.00;0.00;0.00;0.00;0.00;0.00;0.00;0.00;0.00;0.00;0.00;0.00;0.00;0.00;0.00;0.00;0.00;0.00;0.00, 0.00e+000;0.00e+000;-9.99e+002;-9.99e+002;-9.99e+002;-9.99e+002;-9.99e+002;-9.99e+002;-9.99e+002;-9.99e+002;-9.99e+002;-9.99e+002;-9.99e+002;-9.99e+002;-9.99e+002;-9.99e+002;-9.99e+002;-9.99e+002;-9.99e+002;-9.99e+002;-9.99e+002;-9.99e+002;-9.99e+002;-9.99e+002;-9.99e+002;-9.99e+002;-9.99e+002;-9.99e+002;-9.99e+002;-9.99e+002;-9.99e+002;-9.99e+002;-9.99e+002;-9.99e+002;-9.99e+002;-9.99e+002;-9.99e+002;-9.99e+002;-9.99e+002;-9.99e+002;-9.99e+002;-9.99e+002;-9.99e+002;-9.99e+002;-9.99e+002;-9.99e+002;-9.99e+002;-9.99e+002;-9.99e+002;-9.99e+002;-9.99e+002;-9.99e+002;-9.99e+002;-9.99e+002;-9.99e+002;-9.99e+002;0.00e+000;0.00e+000;0.00e+000;0.00e+000;0.00e+000;0.00e+000;0.00e+000;0.00e+000;0.00e+000;0.00e+000;0.00e+000;0.00e+000;0.00e+000;0.00e+000;0.00e+000;0.00e+000,-999., -999., -999., -999.
35.910, -119.87, 2017-03-02 01:59:00, NOAA, AVHRR, 75.8 9.0 137.0 10.9 5.2, low_, 1.739590, 0.100000, 0.100000, 1.634240, 52, 0.00,0.00;0.00;-9.31;0.00;0.00;0.00;0.00;0.00;0.00;0.00;0.00;0.00;0.00;0.00;0.00;0.00;0.00;0.00;0.00;0.00;0.00;0.00;0.00;0.00;0.00;0.00;0.00;0.00;0.00;0.00;0.00;0.00;0.00;0.00;0.00;0.00;0.00;0.00;0.00;0.00;0.00;0.00;0.00;0.00;0.00;0.00;0.00;0.00;0.00;0.00;0.00;0.00;0.00;0.00;0.00;0.00;0.00;0.00;0.00;0.00;0.00;0.00;0.00;0.00;0.00;0.00;0.00;0.00;0.00;0.00;0.00;0.00, 0.00e+000;0.00e+000;-9.99e+002;-9.99e+002;-9.99e+002;-9.99e+002;-9.99e+002;-9.99e+002;-9.99e+002;-9.99e+002;-9.99e+002;-9.99e+002;-9.99e+002;-9.99e+002;-9.99e+002;-9.99e+002;-9.99e+002;-9.99e+002;-9.99e+002;-9.99e+002;-9.99e+002;-9.99e+002;-9.99e+002;-9.99e+002;-9.99e+002;-9.99e+002;-9.99e+002;-9.99e+002;-9.99e+002;-9.99e+002;-9.99e+002;-9.99e+002;-9.99e+002;-9.99e+002;-9.99e+002;-9.99e+002;-9.99e+002;-9.99e+002;-9.99e+002;-9.99e+002;-9.99e+002;-9.99e+002;-9.99e+002;-9.99e+002;-9.99e+002;-9.99e+002;-9.99e+002;-9.99e+002;-9.99e+002;-9.99e+002;-9.99e+002;-9.99e+002;-9.99e+002;-9.99e+002;-9.99e+002;-9.99e+002;0.00e+000;0.00e+000;0.00e+000;0.00e+000;0.00e+000;0.00e+000;0.00e+000;0.00e+000;0.00e+000;0.00e+000;0.00e+000;0.00e+000;0.00e+000;0.00e+000;0.00e+000;0.00e+000,-999., -999., -999., -999.
36.690, -120.17, 2017-03-02 01:59:00, NOAA, AVHRR, 75.8 9.2 127.2 8.9 4.7, low_, 1.508830, 0.100000, 0.100000, 1.550510, 45, 0.00,0.00;0.00;-9.31;0.00;0.00;0.00;0.00;0.00;0.00;0.00;0.00;0.00;0.00;0.00;0.00;0.00;0.00;0.00;0.00;0.00;0.00;0.00;0.00;0.00;0.00;0.00;0.00;0.00;0.00;0.00;0.00;0.00;0.00;0.00;0.00;0.00;0.00;0.00;0.00;0.00;0.00;0.00;0.00;0.00;0.00;0.00;0.00;0.00;0.00;0.00;0.00;0.00;0.00;0.00;0.00;0.00;0.00;0.00;0.00;0.00;0.00;0.00;0.00;0.00;0.00;0.00;0.00;0.00;0.00;0.00;0.00;0.00, 0.00e+000;0.00e+000;-9.99e+002;-9.99e+002;-9.99e+002;-9.99e+002;-9.99e+002;-9.99e+002;-9.99e+002;-9.99e+002;-9.99e+002;-9.99e+002;-9.99e+002;-9.99e+002;-9.99e+002;-9.99e+002;-9.99e+002;-9.99e+002;-9.99e+002;-9.99e+002;-9.99e+002;-9.99e+002;-9.99e+002;-9.99e+002;-9.99e+002;-9.99e+002;-9.99e+002;-9.99e+002;-9.99e+002;-9.99e+002;-9.99e+002;-9.99e+002;-9.99e+002;-9.99e+002;-9.99e+002;-9.99e+002;-9.99e+002;-9.99e+002;-9.99e+002;-9.99e+002;-9.99e+002;-9.99e+002;-9.99e+002;-9.99e+002;-9.99e+002;-9.99e+002;-9.99e+002;-9.99e+002;-9.99e+002;-9.99e+002;-9.99e+002;-9.99e+002;-9.99e+002;-9.99e+002;-9.99e+002;-9.99e+002;0.00e+000;0.00e+000;0.00e+000;0.00e+000;0.00e+000;0.00e+000;0.00e+000;0.00e+000;0.00e+000;0.00e+000;0.00e+000;0.00e+000;0.00e+000;0.00e+000;0.00e+000;0.00e+000,-999., -999., -999., -999.
36.620, -119.95, 2017-03-02 01:59:00, NOAA, AVHRR, 75.8 9.5 146.3 9.2 5.0, low_, 1.558010, 0.100000, 0.100000, 1.712280, 47, 0.00,0.00;0.00;-9.31;0.00;0.00;0.00;0.00;0.00;0.00;0.00;0.00;0.00;0.00;0.00;0.00;0.00;0.00;0.00;0.00;0.00;0.00;0.00;0.00;0.00;0.00;0.00;0.00;0.00;0.00;0.00;0.00;0.00;0.00;0.00;0.00;0.00;0.00;0.00;0.00;0.00;0.00;0.00;0.00;0.00;0.00;0.00;0.00;0.00;0.00;0.00;0.00;0.00;0.00;0.00;0.00;0.00;0.00;0.00;0.00;0.00;0.00;0.00;0.00;0.00;0.00;0.00;0.00;0.00;0.00;0.00;0.00;0.00, 0.00e+000;0.00e+000;-9.99e+002;-9.99e+002;-9.99e+002;-9.99e+002;-9.99e+002;-9.99e+002;-9.99e+002;-9.99e+002;-9.99e+002;-9.99e+002;-9.99e+002;-9.99e+002;-9.99e+002;-9.99e+002;-9.99e+002;-9.99e+002;-9.99e+002;-9.99e+002;-9.99e+002;-9.99e+002;-9.99e+002;-9.99e+002;-9.99e+002;-9.99e+002;-9.99e+002;-9.99e+002;-9.99e+002;-9.99e+002;-9.99e+002;-9.99e+002;-9.99e+002;-9.99e+002;-9.99e+002;-9.99e+002;-9.99e+002;-9.99e+002;-9.99e+002;-9.99e+002;-9.99e+002;-9.99e+002;-9.99e+002;-9.99e+002;-9.99e+002;-9.99e+002;-9.99e+002;-9.99e+002;-9.99e+002;-9.99e+002;-9.99e+002;-9.99e+002;-9.99e+002;-9.99e+002;-9.99e+002;-9.99e+002;0.00e+000;0.00e+000;0.00e+000;0.00e+000;0.00e+000;0.00e+000;0.00e+000;0.00e+000;0.00e+000;0.00e+000;0.00e+000;0.00e+000;0.00e+000;0.00e+000;0.00e+000;0.00e+000,-999., -999., -999., -999.
36.690, -120.16, 2017-03-02 01:59:00, NOAA, AVHRR, 75.8 9.2 127.8 8.9 4.7, low_, 1.511790, 0.100000, 0.100000, 1.555540, 45, 0.00,0.00;0.00;-9.31;0.00;0.00;0.00;0.00;0.00;0.00;0.00;0.00;0.00;0.00;0.00;0.00;0.00;0.00;0.00;0.00;0.00;0.00;0.00;0.00;0.00;0.00;0.00;0.00;0.00;0.00;0.00;0.00;0.00;0.00;0.00;0.00;0.00;0.00;0.00;0.00;0.00;0.00;0.00;0.00;0.00;0.00;0.00;0.00;0.00;0.00;0.00;0.00;0.00;0.00;0.00;0.00;0.00;0.00;0.00;0.00;0.00;0.00;0.00;0.00;0.00;0.00;0.00;0.00;0.00;0.00;0.00;0.00;0.00, 0.00e+000;0.00e+000;-9.99e+002;-9.99e+002;-9.99e+002;-9.99e+002;-9.99e+002;-9.99e+002;-9.99e+002;-9.99e+002;-9.99e+002;-9.99e+002;-9.99e+002;-9.99e+002;-9.99e+002;-9.99e+002;-9.99e+002;-9.99e+002;-9.99e+002;-9.99e+002;-9.99e+002;-9.99e+002;-9.99e+002;-9.99e+002;-9.99e+002;-9.99e+002;-9.99e+002;-9.99e+002;-9.99e+002;-9.99e+002;-9.99e+002;-9.99e+002;-9.99e+002;-9.99e+002;-9.99e+002;-9.99e+002;-9.99e+002;-9.99e+002;-9.99e+002;-9.99e+002;-9.99e+002;-9.99e+002;-9.99e+002;-9.99e+002;-9.99e+002;-9.99e+002;-9.99e+002;-9.99e+002;-9.99e+002;-9.99e+002;-9.99e+002;-9.99e+002;-9.99e+002;-9.99e+002;-9.99e+002;-9.99e+002;0.00e+000;0.00e+000;0.00e+000;0.00e+000;0.00e+000;0.00e+000;0.00e+000;0.00e+000;0.00e+000;0.00e+000;0.00e+000;0.00e+000;0.00e+000;0.00e+000;0.00e+000;0.00e+000,-999., -999., -999., -999.
36.620, -119.94, 2017-03-02 01:59:00, NOAA, AVHRR, 75.8 9.6 147.3 9.2 5.0, low_, 1.560990, 0.100000, 0.100000, 1.720030, 47, 0.00,0.00;0.00;-9.31;0.00;0.00;0.00;0.00;0.00;0.00;0.00;0.00;0.00;0.00;0.00;0.00;0.00;0.00;0.00;0.00;0.00;0.00;0.00;0.00;0.00;0.00;0.00;0.00;0.00;0.00;0.00;0.00;0.00;0.00;0.00;0.00;0.00;0.00;0.00;0.00;0.00;0.00;0.00;0.00;0.00;0.00;0.00;0.00;0.00;0.00;0.00;0.00;0.00;0.00;0.00;0.00;0.00;0.00;0.00;0.00;0.00;0.00;0.00;0.00;0.00;0.00;0.00;0.00;0.00;0.00;0.00;0.00;0.00, 0.00e+000;0.00e+000;-9.99e+002;-9.99e+002;-9.99e+002;-9.99e+002;-9.99e+002;-9.99e+002;-9.99e+002;-9.99e+002;-9.99e+002;-9.99e+002;-9.99e+002;-9.99e+002;-9.99e+002;-9.99e+002;-9.99e+002;-9.99e+002;-9.99e+002;-9.99e+002;-9.99e+002;-9.99e+002;-9.99e+002;-9.99e+002;-9.99e+002;-9.99e+002;-9.99e+002;-9.99e+002;-9.99e+002;-9.99e+002;-9.99e+002;-9.99e+002;-9.99e+002;-9.99e+002;-9.99e+002;-9.99e+002;-9.99e+002;-9.99e+002;-9.99e+002;-9.99e+002;-9.99e+002;-9.99e+002;-9.99e+002;-9.99e+002;-9.99e+002;-9.99e+002;-9.99e+002;-9.99e+002;-9.99e+002;-9.99e+002;-9.99e+002;-9.99e+002;-9.99e+002;-9.99e+002;-9.99e+002;-9.99e+002;0.00e+000;0.00e+000;0.00e+000;0.00e+000;0.00e+000;0.00e+000;0.00e+000;0.00e+000;0.00e+000;0.00e+000;0.00e+000;0.00e+000;0.00e+000;0.00e+000;0.00e+000;0.00e+000,-999., -999., -999., -999.
36.630, -119.94, 2017-03-02 01:59:00, NOAA, AVHRR, 75.9 9.6 146.8 9.2 5.0, low_, 1.562770, 0.100000, 0.100000, 1.715920, 47, 0.00,0.00;0.00;-9.31;0.00;0.00;0.00;0.00;0.00;0.00;0.00;0.00;0.00;0.00;0.00;0.00;0.00;0.00;0.00;0.00;0.00;0.00;0.00;0.00;0.00;0.00;0.00;0.00;0.00;0.00;0.00;0.00;0.00;0.00;0.00;0.00;0.00;0.00;0.00;0.00;0.00;0.00;0.00;0.00;0.00;0.00;0.00;0.00;0.00;0.00;0.00;0.00;0.00;0.00;0.00;0.00;0.00;0.00;0.00;0.00;0.00;0.00;0.00;0.00;0.00;0.00;0.00;0.00;0.00;0.00;0.00;0.00;0.00, 0.00e+000;0.00e+000;-9.99e+002;-9.99e+002;-9.99e+002;-9.99e+002;-9.99e+002;-9.99e+002;-9.99e+002;-9.99e+002;-9.99e+002;-9.99e+002;-9.99e+002;-9.99e+002;-9.99e+002;-9.99e+002;-9.99e+002;-9.99e+002;-9.99e+002;-9.99e+002;-9.99e+002;-9.99e+002;-9.99e+002;-9.99e+002;-9.99e+002;-9.99e+002;-9.99e+002;-9.99e+002;-9.99e+002;-9.99e+002;-9.99e+002;-9.99e+002;-9.99e+002;-9.99e+002;-9.99e+002;-9.99e+002;-9.99e+002;-9.99e+002;-9.99e+002;-9.99e+002;-9.99e+002;-9.99e+002;-9.99e+002;-9.99e+002;-9.99e+002;-9.99e+002;-9.99e+002;-9.99e+002;-9.99e+002;-9.99e+002;-9.99e+002;-9.99e+002;-9.99e+002;-9.99e+002;-9.99e+002;-9.99e+002;0.00e+000;0.00e+000;0.00e+000;0.00e+000;0.00e+000;0.00e+000;0.00e+000;0.00e+000;0.00e+000;0.00e+000;0.00e+000;0.00e+000;0.00e+000;0.00e+000;0.00e+000;0.00e+000,-999., -999., -999., -999.
35.180, -96.02, 2017-03-02 02:50:00, NOAA, AVHRR, 73.4 13.4 151.9 25.4 8.3, O1, 12.467400, 0.350000, 0.350000, 0.123119, 1309, 0.00,0.00;0.00;0.00;-30.21;0.00;0.00;0.00;0.00;0.00;0.00;0.00;0.00;0.00;0.00;0.00;0.00;0.00;0.00;0.00;0.00;0.00;0.00;0.00;0.00;0.00;0.00;0.00;0.00;0.00;0.00;0.00;0.00;0.00;0.00;0.00;0.00;0.00;0.00;0.00;0.00;0.00;0.00;0.00;0.00;0.00;0.00;0.00;0.00;0.00;0.00;0.00;0.00;0.00;0.00;0.00;0.00;0.00;0.00;0.00;0.00;0.00;0.00;0.00;0.00;0.00;0.00;0.00;0.00;0.00;0.00;0.00;0.00, 0.00e+000;0.00e+000;-7.32e+010;-9.99e+002;-9.99e+002;-9.99e+002;-9.99e+002;-9.99e+002;-9.99e+002;-9.99e+002;-9.99e+002;-9.99e+002;-9.99e+002;-9.99e+002;-9.99e+002;-9.99e+002;-9.99e+002;-9.99e+002;-9.99e+002;-9.99e+002;-9.99e+002;-9.99e+002;-9.99e+002;-9.99e+002;-9.99e+002;-9.99e+002;-9.99e+002;-9.99e+002;-9.99e+002;-9.99e+002;-9.99e+002;-9.99e+002;-9.99e+002;-9.99e+002;-9.99e+002;-9.99e+002;-9.99e+002;-9.99e+002;-9.99e+002;-9.99e+002;-9.99e+002;-9.99e+002;-9.99e+002;-9.99e+002;-9.99e+002;-9.99e+002;-9.99e+002;-9.99e+002;-9.99e+002;-9.99e+002;-9.99e+002;-9.99e+002;-9.99e+002;-9.99e+002;0.00e+000;0.00e+000;0.00e+000;0.00e+000;0.00e+000;0.00e+000;0.00e+000;0.00e+000;0.00e+000;0.00e+000;0.00e+000;0.00e+000;0.00e+000;0.00e+000;0.00e+000;0.00e+000;0.00e+000;0.00e+000,-999., -999., -999., -999.
31.980, -95.91, 2017-03-02 02:50:00, NOAA, AVHRR, 81.1 19.4 79.8 24.3 20.1, D1, 3.799950, 0.535064, 0.535064, 1.113680, 610, 136.33,0.00;0.00;0.00;2.22;1.65;1.25;0.97;0.77;0.63;0.53;0.46;0.42;0.38;0.70;0.89;1.31;1.84;2.78;4.37;3.46;4.01;4.57;5.11;5.17;4.60;3.84;2.94;2.22;1.65;1.25;0.97;0.77;0.63;0.53;0.46;0.42;0.38;0.70;0.89;1.31;1.84;2.78;4.37;3.46;4.01;4.57;5.11;5.17;4.60;3.84;2.94;2.22;1.65;1.25;0.00;0.00;0.00;0.00;0.00;0.00;0.00;0.00;0.00;0.00;0.00;0.00;0.00;0.00;0.00;0.00;0.00;0.00, 0.00e+000;0.00e+000;6.35e+011;6.52e+010;4.80e+010;3.60e+010;2.76e+010;2.18e+010;1.77e+010;1.48e+010;1.28e+010;1.14e+010;1.08e+010;2.02e+010;2.60e+010;3.87e+010;5.48e+010;8.38e+010;1.31e+011;1.04e+011;1.21e+011;1.38e+011;1.55e+011;1.56e+011;1.38e+011;1.14e+011;8.70e+010;6.52e+010;4.80e+010;3.60e+010;2.76e+010;2.18e+010;1.77e+010;1.48e+010;1.28e+010;1.14e+010;1.08e+010;2.02e+010;2.60e+010;3.87e+010;5.48e+010;8.38e+010;1.31e+011;1.04e+011;1.21e+011;1.38e+011;1.55e+011;1.56e+011;1.38e+011;1.14e+011;8.70e+010;6.52e+010;4.80e+010;3.60e+010;0.00e+000;0.00e+000;0.00e+000;0.00e+000;0.00e+000;0.00e+000;0.00e+000;0.00e+000;0.00e+000;0.00e+000;0.00e+000;0.00e+000;0.00e+000;0.00e+000;0.00e+000;0.00e+000;0.00e+000;0.00e+000,0.0000;0.0000;0.0000;0.0163;0.0121;0.0092;0.0071;0.0056;0.0046;0.0039;0.0034;0.0030;0.0028;0.0051;0.0065;0.0096;0.0135;0.0204;0.0321;0.0254;0.0294;0.0336;0.0375;0.0379;0.0338;0.0281;0.0216;0.0163;0.0121;0.0092;0.0071;0.0056;0.0046;0.0039;0.0034;0.0030;0.0028;0.0051;0.0065;0.0096;0.0135;0.0204;0.0321;0.0254;0.0294;0.0336;0.0375;0.0379;0.0338;0.0281;0.0216;0.0163;0.0121;0.0092;0.0000;0.0000;0.0000;0.0000;0.0000;0.0000;0.0000;0.0000;0.0000;0.0000;0.0000;0.0000;0.0000;0.0000;0.0000;0.0000;0.0000;0.0000, 0.0000;0.0000;0.0000;0.0196;0.0196;0.0196;0.0196;0.0196;0.0196;0.0196;0.0196;0.0196;0.0196;0.0196;0.0196;0.0196;0.0196;0.0196;0.0196;0.0196;0.0196;0.0196;0.0196;0.0196;0.0196;0.0196;0.0196;0.0196;0.0196;0.0196;0.0196;0.0196;0.0196;0.0196;0.0196;0.0196;0.0196;0.0196;0.0196;0.0196;0.0196;0.0196;0.0196;0.0196;0.0196;0.0196;0.0196;0.0196;0.0196;0.0196;0.0196;0.0196;0.0196;0.0196;0.0000;0.0000;0.0000;0.0000;0.0000;0.0000;0.0000;0.0000;0.0000;0.0000;0.0000;0.0000;0.0000;0.0000;0.0000;0.0000;0.0000;0.0000, 0.0000;0.0000;0.0000;0.0196;0.0196;0.0196;0.0196;0.0196;0.0196;0.0196;0.0196;0.0196;0.0196;0.0196;0.0196;0.0196;0.0196;0.0196;0.0196;0.0196;0.0196;0.0196;0.0196;0.0196;0.0196;0.0196;0.0196;0.0196;0.0196;0.0196;0.0196;0.0196;0.0196;0.0196;0.0196;0.0196;0.0196;0.0196;0.0196;0.0196;0.0196;0.0196;0.0196;0.0196;0.0196;0.0196;0.0196;0.0196;0.0196;0.0196;0.0196;0.0196;0.0196;0.0196;0.0000;0.0000;0.0000;0.0000;0.0000;0.0000;0.0000;0.0000;0.0000;0.0000;0.0000;0.0000;0.0000;0.0000;0.0000;0.0000;0.0000;0.0000, -999.
31.980, -95.90, 2017-03-02 02:50:00, NOAA, AVHRR, 81.1 19.5 79.2 24.3 20.1, C1, 8.175160, 1.395260, 1.995260, 1.106990, 4893, 195.69,0.00;0.00;0.00;1.84;0.90;0.45;0.23;0.13;0.08;0.05;0.03;0.03;0.02;0.10;0.19;0.51;1.17;3.11;8.49;5.10;7.06;9.33;11.72;12.02;9.45;6.40;3.54;1.84;0.90;0.45;0.23;0.13;0.08;0.05;0.03;0.03;0.02;0.10;0.19;0.51;1.17;3.11;8.49;5.10;7.06;9.33;11.72;12.02;9.45;6.40;3.54;1.84;0.90;0.45;0.00;0.00;0.00;0.00;0.00;0.00;0.00;0.00;0.00;0.00;0.00;0.00;0.00;0.00;0.00;0.00;0.00;0.00, 0.00e+000;0.00e+000;1.45e+012;7.25e+010;1.71e+010;5.55e+009;1.97e+009;7.67e+008;3.27e+008;1.52e+008;7.73e+007;4.23e+007;1.46e+008;1.11e+009;4.00e+009;2.55e+010;6.03e+010;1.63e+011;4.41e+011;2.67e+011;3.71e+011;4.92e+011;6.19e+011;6.32e+011;4.93e+011;3.30e+011;1.79e+011;7.25e+010;1.71e+010;5.55e+009;1.97e+009;7.67e+008;3.27e+008;1.52e+008;7.73e+007;4.23e+007;1.46e+008;1.11e+009;4.00e+009;2.55e+010;6.03e+010;1.63e+011;4.41e+011;2.67e+011;3.71e+011;4.92e+011;6.19e+011;6.32e+011;4.93e+011;3.30e+011;1.79e+011;7.25e+010;1.71e+010;5.55e+009;0.00e+000;0.00e+000;0.00e+000;0.00e+000;0.00e+000;0.00e+000;0.00e+000;0.00e+000;0.00e+000;0.00e+000;0.00e+000;0.00e+000;0.00e+000;0.00e+000;0.00e+000;0.00e+000;0.00e+000;0.00e+000,0.0000;0.0000;0.0000;0.0094;0.0046;0.0023;0.0012;0.0007;0.0004;0.0003;0.0002;0.0001;0.0001;0.0005;0.0010;0.0026;0.0060;0.0159;0.0434;0.0261;0.0361;0.0477;0.0599;0.0614;0.0483;0.0327;0.0181;0.0094;0.0046;0.0023;0.0012;0.0007;0.0004;0.0003;0.0002;0.0001;0.0001;0.0005;0.0010;0.0026;0.0060;0.0159;0.0434;0.0261;0.0361;0.0477;0.0599;0.0614;0.0483;0.0327;0.0181;0.0094;0.0046;0.0023;0.0000;0.0000;0.0000;0.0000;0.0000;0.0000;0.0000;0.0000;0.0000;0.0000;0.0000;0.0000;0.0000;0.0000;0.0000;0.0000;0.0000;0.0000, 0.0000;0.0000;0.0000;0.0248;0.0121;0.0079;0.0054;0.0038;0.0028;0.0020;0.0015;0.0011;0.0047;0.0069;0.0133;0.0315;0.0324;0.0329;0.0327;0.0328;0.0329;0.0330;0.0330;0.0329;0.0328;0.0325;0.0320;0.0248;0.0121;0.0079;0.0054;0.0038;0.0028;0.0020;0.0015;0.0011;0.0047;0.0069;0.0133;0.0315;0.0324;0.0329;0.0327;0.0328;0.0329;0.0330;0.0330;0.0329;0.0328;0.0325;0.0320;0.0248;0.0121;0.0079;0.0000;0.0000;0.0000;0.0000;0.0000;0.0000;0.0000;0.0000;0.0000;0.0000;0.0000;0.0000;0.0000;0.0000;0.0000;0.0000;0.0000;0.0000, 0.0000;0.0000;0.0000;0.0076;0.0037;0.0024;0.0017;0.0012;0.0008;0.0006;0.0005;0.0003;0.0014;0.0021;0.0041;0.0173;0.0355;0.0438;0.0402;0.0426;0.0444;0.0456;0.0458;0.0445;0.0419;0.0369;0.0281;0.0076;0.0037;0.0024;0.0017;0.0012;0.0008;0.0006;0.0005;0.0003;0.0014;0.0021;0.0041;0.0173;0.0355;0.0438;0.0402;0.0426;0.0444;0.0456;0.0458;0.0445;0.0419;0.0369;0.0281;0.0076;0.0037;0.0024;0.0000;0.0000;0.0000;0.0000;0.0000;0.0000;0.0000;0.0000;0.0000;0.0000;0.0000;0.0000;0.0000;0.0000;0.0000;0.0000;0.0000;0.0000, 0.0000;0.0000;0.0000;0.0000;0.0000;0.0000;0.0000;0.0000;0.0000;0.0000;0.0000;0.0000;0.0000;0.0000;0.0000;0.0111;0.0368;0.0487;0.0436;0.0470;0.0495;0.0512;0.0514;0.0496;0.0460;0.0388;0.0264;0.0000;0.0000;0.0000;0.0000;0.0000;0.0000;0.0000;0.0000;0.0000;0.0000;0.0000;0.0000;0.0111;0.0368;0.0487;0.0436;0.0470;0.0495;0.0512;0.0514;0.0496;0.0460;0.0388;0.0264;0.0000;0.0000;0.0000;0.0000;0.0000;0.0000;0.0000;0.0000;0.0000;0.0000;0.0000;0.0000;0.0000;0.0000;0.0000;0.0000;0.0000;0.0000;0.0000;0.0000;0.0000
 35.170, -96.02, 2017-03-02 02:50:00, NOAA, AVHRR, 73.3 13.9 158.1 25.4 8.4, C1, 0.224901, 0.264980, 0.264980, 1.809020, 18, 35.88,0.00;0.00;0.00;0.08;0.05;0.03;0.03;0.02;0.02;0.01;0.01;0.01;0.01;0.02;0.02;0.04;0.08;0.20;1.43;0.05;0.09;0.17;0.27;0.33;0.27;0.20;0.13;0.08;0.05;0.03;0.03;0.02;0.02;0.01;0.01;0.01;0.01;0.02;0.02;0.04;0.08;0.20;1.43;0.05;0.09;0.17;0.27;0.33;0.27;0.20;0.13;0.08;0.05;0.03;0.00;0.00;0.00;0.00;0.00;0.00;0.00;0.00;0.00;0.00;0.00;0.00;0.00;0.00;0.00;0.00;0.00;0.00, 0.00e+000;0.00e+000;1.50e+011;2.81e+008;1.20e+008;5.73e+007;2.99e+007;1.67e+007;9.75e+006;5.83e+006;3.52e+006;2.12e+006;6.81e+006;2.58e+007;6.99e+007;2.08e+008;7.54e+008;9.88e+009;5.15e+009;2.96e+008;8.29e+008;2.04e+009;3.70e+009;4.01e+009;2.71e+009;1.47e+009;6.66e+008;2.81e+008;1.20e+008;5.73e+007;2.99e+007;1.67e+007;9.75e+006;5.83e+006;3.52e+006;2.12e+006;6.81e+006;2.58e+007;6.99e+007;2.08e+008;7.54e+008;9.88e+009;5.15e+009;2.96e+008;8.29e+008;2.04e+009;3.70e+009;4.01e+009;2.71e+009;1.47e+009;6.66e+008;2.81e+008;1.20e+008;5.73e+007;0.00e+000;0.00e+000;0.00e+000;0.00e+000;0.00e+000;0.00e+000;0.00e+000;0.00e+000;0.00e+000;0.00e+000;0.00e+000;0.00e+000;0.00e+000;0.00e+000;0.00e+000;0.00e+000;0.00e+000;0.00e+000,0.0000;0.0000;0.0000;0.0022;0.0014;0.0009;0.0007;0.0006;0.0005;0.0004;0.0003;0.0003;0.0002;0.0005;0.0007;0.0011;0.0021;0.0056;0.0399;0.0014;0.0026;0.0047;0.0075;0.0092;0.0076;0.0056;0.0035;0.0022;0.0014;0.0009;0.0007;0.0006;0.0005;0.0004;0.0003;0.0003;0.0002;0.0005;0.0007;0.0011;0.0021;0.0056;0.0399;0.0014;0.0026;0.0047;0.0075;0.0092;0.0076;0.0056;0.0035;0.0022;0.0014;0.0009;0.0000;0.0000;0.0000;0.0000;0.0000;0.0000;0.0000;0.0000;0.0000;0.0000;0.0000;0.0000;0.0000;0.0000;0.0000;0.0000;0.0000;0.0000, 0.0000;0.0000;0.0000;0.0110;0.0077;0.0054;0.0038;0.0027;0.0020;0.0014;0.0011;0.0008;0.0030;0.0049;0.0094;0.0156;0.0303;0.1489;0.0112;0.0181;0.0272;0.0364;0.0415;0.0367;0.0302;0.0225;0.0162;0.0110;0.0077;0.0054;0.0038;0.0027;0.0020;0.0014;0.0011;0.0008;0.0030;0.0049;0.0094;0.0156;0.0303;0.1489;0.0112;0.0181;0.0272;0.0364;0.0415;0.0367;0.0302;0.0225;0.0162;0.0110;0.0077;0.0054;0.0000;0.0000;0.0000;0.0000;0.0000;0.0000;0.0000;0.0000;0.0000;0.0000;0.0000;0.0000;0.0000;0.0000;0.0000;0.0000;0.0000;0.0000, 0.0000;0.0000;0.0000;0.0086;0.0060;0.0042;0.0030;0.0022;0.0016;0.0011;0.0008;0.0006;0.0023;0.0038;0.0073;0.0122;0.0237;0.2251;0.0088;0.0142;0.0213;0.0285;0.0325;0.0288;0.0236;0.0176;0.0127;0.0086;0.0060;0.0042;0.0030;0.0022;0.0016;0.0011;0.0008;0.0006;0.0023;0.0038;0.0073;0.0122;0.0237;0.2251;0.0088;0.0142;0.0213;0.0285;0.0325;0.0288;0.0236;0.0176;0.0127;0.0086;0.0060;0.0042;0.0000;0.0000;0.0000;0.0000;0.0000;0.0000;0.0000;0.0000;0.0000;0.0000;0.0000;0.0000;0.0000;0.0000;0.0000;0.0000;0.0000;0.0000, 0.0000;0.0000;0.0000;0.0000;0.0000;0.0000;0.0000;0.0000;0.0000;0.0000;0.0000;0.0000;0.0000;0.0000;0.0000;0.0000;0.0000;0.5000;0.0000;0.0000;0.0000;0.0000;0.0000;0.0000;0.0000;0.0000;0.0000;0.0000;0.0000;0.0000;0.0000;0.0000;0.0000;0.0000;0.0000;0.0000;0.0000;0.0000;0.0000;0.0000;0.0000;0.5000;0.0000;0.0000;0.0000;0.0000;0.0000;0.0000;0.0000;0.0000;0.0000;0.0000;0.0000;0.0000;0.0000;0.0000;0.0000;0.0000;0.0000;0.0000;0.0000;0.0000;0.0000;0.0000;0.0000;0.0000;0.0000;0.0000;0.0000;0.0000;0.0000;0.0000
 35.170, -96.01, 2017-03-02 02:53:00, NOAA, AVHRR, 73.2 13.6 154.0 25.4 8.2, O1, 12.153200, 0.350000, 0.350000, 0.124338, 1276, 0.00,0.00;0.00;0.00;-30.21;0.00;0.00;0.00;0.00;0.00;0.00;0.00;0.00;0.00;0.00;0.00;0.00;0.00;0.00;0.00;0.00;0.00;0.00;0.00;0.00;0.00;0.00;0.00;0.00;0.00;0.00;0.00;0.00;0.00;0.00;0.00;0.00;0.00;0.00;0.00;0.00;0.00;0.00;0.00;0.00;0.00;0.00;0.00;0.00;0.00;0.00;0.00;0.00;0.00;0.00;0.00;0.00;0.00;0.00;0.00;0.00;0.00;0.00;0.00;0.00;0.00;0.00;0.00;0.00;0.00;0.00;0.00;0.00, 0.00e+000;0.00e+000;-7.41e+010;-9.99e+002;-9.99e+002;-9.99e+002;-9.99e+002;-9.99e+002;-9.99e+002;-9.99e+002;-9.99e+002;-9.99e+002;-9.99e+002;-9.99e+002;-9.99e+002;-9.99e+002;-9.99e+002;-9.99e+002;-9.99e+002;-9.99e+002;-9.99e+002;-9.99e+002;-9.99e+002;-9.99e+002;-9.99e+002;-9.99e+002;-9.99e+002;-9.99e+002;-9.99e+002;-9.99e+002;-9.99e+002;-9.99e+002;-9.99e+002;-9.99e+002;-9.99e+002;-9.99e+002;-9.99e+002;-9.99e+002;-9.99e+002;-9.99e+002;-9.99e+002;-9.99e+002;-9.99e+002;-9.99e+002;-9.99e+002;-9.99e+002;-9.99e+002;-9.99e+002;-9.99e+002;-9.99e+002;-9.99e+002;-9.99e+002;-9.99e+002;-9.99e+002;0.00e+000;0.00e+000;0.00e+000;0.00e+000;0.00e+000;0.00e+000;0.00e+000;0.00e+000;0.00e+000;0.00e+000;0.00e+000;0.00e+000;0.00e+000;0.00e+000;0.00e+000;0.00e+000;0.00e+000;0.00e+000,-999., -999., -999., -999.
31.980, -95.92, 2017-03-02 02:53:00, NOAA, AVHRR, 81.1 19.1 77.1 24.3 20.0, D1, 3.824090, 0.525820, 0.525820, 1.086600, 603, 136.99,0.00;0.00;0.00;2.20;1.64;1.24;0.96;0.76;0.63;0.53;0.46;0.41;0.38;0.71;0.91;1.36;1.85;2.87;4.44;3.51;4.07;4.63;5.17;5.17;4.60;3.81;2.92;2.20;1.64;1.24;0.96;0.76;0.63;0.53;0.46;0.41;0.38;0.71;0.91;1.36;1.85;2.87;4.44;3.51;4.07;4.63;5.17;5.17;4.60;3.81;2.92;2.20;1.64;1.24;0.00;0.00;0.00;0.00;0.00;0.00;0.00;0.00;0.00;0.00;0.00;0.00;0.00;0.00;0.00;0.00;0.00;0.00, 0.00e+000;0.00e+000;6.24e+011;6.35e+010;4.68e+010;3.51e+010;2.69e+010;2.12e+010;1.73e+010;1.45e+010;1.25e+010;1.11e+010;1.06e+010;2.02e+010;2.60e+010;3.94e+010;5.43e+010;8.52e+010;1.31e+011;1.04e+011;1.21e+011;1.38e+011;1.54e+011;1.53e+011;1.36e+011;1.12e+011;8.49e+010;6.35e+010;4.68e+010;3.51e+010;2.69e+010;2.12e+010;1.73e+010;1.45e+010;1.25e+010;1.11e+010;1.06e+010;2.02e+010;2.60e+010;3.94e+010;5.43e+010;8.52e+010;1.31e+011;1.04e+011;1.21e+011;1.38e+011;1.54e+011;1.53e+011;1.36e+011;1.12e+011;8.49e+010;6.35e+010;4.68e+010;3.51e+010;0.00e+000;0.00e+000;0.00e+000;0.00e+000;0.00e+000;0.00e+000;0.00e+000;0.00e+000;0.00e+000;0.00e+000;0.00e+000;0.00e+000;0.00e+000;0.00e+000;0.00e+000;0.00e+000;0.00e+000;0.00e+000,0.0000;0.0000;0.0000;0.0161;0.0120;0.0090;0.0070;0.0056;0.0046;0.0039;0.0034;0.0030;0.0028;0.0052;0.0066;0.0099;0.0135;0.0210;0.0324;0.0256;0.0297;0.0338;0.0377;0.0378;0.0336;0.0278;0.0213;0.0161;0.0120;0.0090;0.0070;0.0056;0.0046;0.0039;0.0034;0.0030;0.0028;0.0052;0.0066;0.0099;0.0135;0.0210;0.0324;0.0256;0.0297;0.0338;0.0377;0.0378;0.0336;0.0278;0.0213;0.0161;0.0120;0.0090;0.0000;0.0000;0.0000;0.0000;0.0000;0.0000;0.0000;0.0000;0.0000;0.0000;0.0000;0.0000;0.0000;0.0000;0.0000;0.0000;0.0000;0.0000, 0.0000;0.0000;0.0000;0.0196;0.0196;0.0196;0.0196;0.0196;0.0196;0.0196;0.0196;0.0196;0.0196;0.0196;0.0196;0.0196;0.0196;0.0196;0.0196;0.0196;0.0196;0.0196;0.0196;0.0196;0.0196;0.0196;0.0196;0.0196;0.0196;0.0196;0.0196;0.0196;0.0196;0.0196;0.0196;0.0196;0.0196;0.0196;0.0196;0.0196;0.0196;0.0196;0.0196;0.0196;0.0196;0.0196;0.0196;0.0196;0.0196;0.0196;0.0196;0.0196;0.0196;0.0196;0.0000;0.0000;0.0000;0.0000;0.0000;0.0000;0.0000;0.0000;0.0000;0.0000;0.0000;0.0000;0.0000;0.0000;0.0000;0.0000;0.0000;0.0000, 0.0000;0.0000;0.0000;0.0196;0.0196;0.0196;0.0196;0.0196;0.0196;0.0196;0.0196;0.0196;0.0196;0.0196;0.0196;0.0196;0.0196;0.0196;0.0196;0.0196;0.0196;0.0196;0.0196;0.0196;0.0196;0.0196;0.0196;0.0196;0.0196;0.0196;0.0196;0.0196;0.0196;0.0196;0.0196;0.0196;0.0196;0.0196;0.0196;0.0196;0.0196;0.0196;0.0196;0.0196;0.0196;0.0196;0.0196;0.0196;0.0196;0.0196;0.0196;0.0196;0.0196;0.0196;0.0000;0.0000;0.0000;0.0000;0.0000;0.0000;0.0000;0.0000;0.0000;0.0000;0.0000;0.0000;0.0000;0.0000;0.0000;0.0000;0.0000;0.0000, -999.
35.180, -96.02, 2017-03-02 03:33:00, NOAA, AVHRR, 73.9 13.4 151.9 25.4 8.3, O1, 12.467400, 0.350000, 0.350000, 0.123119, 1309, 0.00,0.00;0.00;0.00;0.00;-30.21;0.00;0.00;0.00;0.00;0.00;0.00;0.00;0.00;0.00;0.00;0.00;0.00;0.00;0.00;0.00;0.00;0.00;0.00;0.00;0.00;0.00;0.00;0.00;0.00;0.00;0.00;0.00;0.00;0.00;0.00;0.00;0.00;0.00;0.00;0.00;0.00;0.00;0.00;0.00;0.00;0.00;0.00;0.00;0.00;0.00;0.00;0.00;0.00;0.00;0.00;0.00;0.00;0.00;0.00;0.00;0.00;0.00;0.00;0.00;0.00;0.00;0.00;0.00;0.00;0.00;0.00;0.00, 0.00e+000;0.00e+000;0.00e+000;-7.74e+010;-9.99e+002;-9.99e+002;-9.99e+002;-9.99e+002;-9.99e+002;-9.99e+002;-9.99e+002;-9.99e+002;-9.99e+002;-9.99e+002;-9.99e+002;-9.99e+002;-9.99e+002;-9.99e+002;-9.99e+002;-9.99e+002;-9.99e+002;-9.99e+002;-9.99e+002;-9.99e+002;-9.99e+002;-9.99e+002;-9.99e+002;-9.99e+002;-9.99e+002;-9.99e+002;-9.99e+002;-9.99e+002;-9.99e+002;-9.99e+002;-9.99e+002;-9.99e+002;-9.99e+002;-9.99e+002;-9.99e+002;-9.99e+002;-9.99e+002;-9.99e+002;-9.99e+002;-9.99e+002;-9.99e+002;-9.99e+002;-9.99e+002;-9.99e+002;-9.99e+002;-9.99e+002;-9.99e+002;-9.99e+002;-9.99e+002;-9.99e+002;0.00e+000;0.00e+000;0.00e+000;0.00e+000;0.00e+000;0.00e+000;0.00e+000;0.00e+000;0.00e+000;0.00e+000;0.00e+000;0.00e+000;0.00e+000;0.00e+000;0.00e+000;0.00e+000;0.00e+000;0.00e+000,-999., -999., -999., -999.
35.170, -96.01, 2017-03-02 03:33:00, NOAA, AVHRR, 73.7 13.6 154.0 25.4 8.2, O1, 12.153200, 0.350000, 0.350000, 0.124338, 1276, 0.00,0.00;0.00;0.00;0.00;-30.21;0.00;0.00;0.00;0.00;0.00;0.00;0.00;0.00;0.00;0.00;0.00;0.00;0.00;0.00;0.00;0.00;0.00;0.00;0.00;0.00;0.00;0.00;0.00;0.00;0.00;0.00;0.00;0.00;0.00;0.00;0.00;0.00;0.00;0.00;0.00;0.00;0.00;0.00;0.00;0.00;0.00;0.00;0.00;0.00;0.00;0.00;0.00;0.00;0.00;0.00;0.00;0.00;0.00;0.00;0.00;0.00;0.00;0.00;0.00;0.00;0.00;0.00;0.00;0.00;0.00;0.00;0.00, 0.00e+000;0.00e+000;0.00e+000;-7.80e+010;-9.99e+002;-9.99e+002;-9.99e+002;-9.99e+002;-9.99e+002;-9.99e+002;-9.99e+002;-9.99e+002;-9.99e+002;-9.99e+002;-9.99e+002;-9.99e+002;-9.99e+002;-9.99e+002;-9.99e+002;-9.99e+002;-9.99e+002;-9.99e+002;-9.99e+002;-9.99e+002;-9.99e+002;-9.99e+002;-9.99e+002;-9.99e+002;-9.99e+002;-9.99e+002;-9.99e+002;-9.99e+002;-9.99e+002;-9.99e+002;-9.99e+002;-9.99e+002;-9.99e+002;-9.99e+002;-9.99e+002;-9.99e+002;-9.99e+002;-9.99e+002;-9.99e+002;-9.99e+002;-9.99e+002;-9.99e+002;-9.99e+002;-9.99e+002;-9.99e+002;-9.99e+002;-9.99e+002;-9.99e+002;-9.99e+002;-9.99e+002;0.00e+000;0.00e+000;0.00e+000;0.00e+000;0.00e+000;0.00e+000;0.00e+000;0.00e+000;0.00e+000;0.00e+000;0.00e+000;0.00e+000;0.00e+000;0.00e+000;0.00e+000;0.00e+000;0.00e+000;0.00e+000,-999., -999., -999., -999.
35.170, -96.02, 2017-03-02 03:33:00, NOAA, AVHRR, 73.8 13.9 158.1 25.4 8.4, C1, 0.224901, 0.264980, 0.264980, 1.809020, 18, 34.61,0.00;0.00;0.00;0.00;0.06;0.04;0.03;0.02;0.02;0.01;0.01;0.01;0.01;0.02;0.02;0.03;0.08;0.12;0.90;0.04;0.08;0.15;0.23;0.35;0.29;0.23;0.14;0.09;0.06;0.04;0.03;0.02;0.02;0.01;0.01;0.01;0.01;0.02;0.02;0.03;0.08;0.12;0.90;0.04;0.08;0.15;0.23;0.35;0.29;0.23;0.14;0.09;0.06;0.04;0.00;0.00;0.00;0.00;0.00;0.00;0.00;0.00;0.00;0.00;0.00;0.00;0.00;0.00;0.00;0.00;0.00;0.00, 0.00e+000;0.00e+000;0.00e+000;1.13e+011;1.51e+008;7.00e+007;3.57e+007;1.96e+007;1.13e+007;6.73e+006;4.06e+006;2.45e+006;6.28e+006;2.05e+007;4.94e+007;1.65e+008;5.29e+008;3.49e+009;2.81e+009;2.23e+008;6.35e+008;1.66e+009;3.35e+009;4.39e+009;3.12e+009;1.83e+009;8.46e+008;3.66e+008;1.51e+008;7.00e+007;3.57e+007;1.96e+007;1.13e+007;6.73e+006;4.06e+006;2.45e+006;6.28e+006;2.05e+007;4.94e+007;1.65e+008;5.29e+008;3.49e+009;2.81e+009;2.23e+008;6.35e+008;1.66e+009;3.35e+009;4.39e+009;3.12e+009;1.83e+009;8.46e+008;3.66e+008;1.51e+008;7.00e+007;0.00e+000;0.00e+000;0.00e+000;0.00e+000;0.00e+000;0.00e+000;0.00e+000;0.00e+000;0.00e+000;0.00e+000;0.00e+000;0.00e+000;0.00e+000;0.00e+000;0.00e+000;0.00e+000;0.00e+000;0.00e+000,0.0000;0.0000;0.0000;0.0000;0.0016;0.0011;0.0008;0.0006;0.0005;0.0004;0.0003;0.0003;0.0002;0.0005;0.0006;0.0009;0.0022;0.0034;0.0259;0.0013;0.0022;0.0043;0.0068;0.0101;0.0083;0.0066;0.0042;0.0027;0.0016;0.0011;0.0008;0.0006;0.0005;0.0004;0.0003;0.0003;0.0002;0.0005;0.0006;0.0009;0.0022;0.0034;0.0259;0.0013;0.0022;0.0043;0.0068;0.0101;0.0083;0.0066;0.0042;0.0027;0.0016;0.0011;0.0000;0.0000;0.0000;0.0000;0.0000;0.0000;0.0000;0.0000;0.0000;0.0000;0.0000;0.0000;0.0000;0.0000;0.0000;0.0000;0.0000;0.0000, 0.0000;0.0000;0.0000;0.0000;0.0100;0.0070;0.0049;0.0035;0.0026;0.0019;0.0014;0.0010;0.0030;0.0050;0.0086;0.0183;0.0251;0.1030;0.0115;0.0186;0.0294;0.0391;0.0504;0.0445;0.0385;0.0286;0.0212;0.0144;0.0100;0.0070;0.0049;0.0035;0.0026;0.0019;0.0014;0.0010;0.0030;0.0050;0.0086;0.0183;0.0251;0.1030;0.0115;0.0186;0.0294;0.0391;0.0504;0.0445;0.0385;0.0286;0.0212;0.0144;0.0100;0.0070;0.0000;0.0000;0.0000;0.0000;0.0000;0.0000;0.0000;0.0000;0.0000;0.0000;0.0000;0.0000;0.0000;0.0000;0.0000;0.0000;0.0000;0.0000, 0.0000;0.0000;0.0000;0.0000;0.0100;0.0070;0.0049;0.0035;0.0026;0.0019;0.0014;0.0010;0.0030;0.0050;0.0086;0.0183;0.0251;0.1030;0.0115;0.0186;0.0294;0.0391;0.0504;0.0445;0.0385;0.0286;0.0212;0.0144;0.0100;0.0070;0.0049;0.0035;0.0026;0.0019;0.0014;0.0010;0.0030;0.0050;0.0086;0.0183;0.0251;0.1030;0.0115;0.0186;0.0294;0.0391;0.0504;0.0445;0.0385;0.0286;0.0212;0.0144;0.0100;0.0070;0.0000;0.0000;0.0000;0.0000;0.0000;0.0000;0.0000;0.0000;0.0000;0.0000;0.0000;0.0000;0.0000;0.0000;0.0000;0.0000;0.0000;0.0000, -999.
36.620, -119.95, 2017-03-02 04:35:00, NOAA, AVHRR, 76.4 9.5 146.3 9.2 5.0, low_, 1.558010, 0.100000, 0.100000, 1.712280, 47, 0.00,0.00;0.00;0.00;0.00;0.00;-9.31;0.00;0.00;0.00;0.00;0.00;0.00;0.00;0.00;0.00;0.00;0.00;0.00;0.00;0.00;0.00;0.00;0.00;0.00;0.00;0.00;0.00;0.00;0.00;0.00;0.00;0.00;0.00;0.00;0.00;0.00;0.00;0.00;0.00;0.00;0.00;0.00;0.00;0.00;0.00;0.00;0.00;0.00;0.00;0.00;0.00;0.00;0.00;0.00;0.00;0.00;0.00;0.00;0.00;0.00;0.00;0.00;0.00;0.00;0.00;0.00;0.00;0.00;0.00;0.00;0.00;0.00, 0.00e+000;0.00e+000;0.00e+000;0.00e+000;0.00e+000;-9.99e+002;-9.99e+002;-9.99e+002;-9.99e+002;-9.99e+002;-9.99e+002;-9.99e+002;-9.99e+002;-9.99e+002;-9.99e+002;-9.99e+002;-9.99e+002;-9.99e+002;-9.99e+002;-9.99e+002;-9.99e+002;-9.99e+002;-9.99e+002;-9.99e+002;-9.99e+002;-9.99e+002;-9.99e+002;-9.99e+002;-9.99e+002;-9.99e+002;-9.99e+002;-9.99e+002;-9.99e+002;-9.99e+002;-9.99e+002;-9.99e+002;-9.99e+002;-9.99e+002;-9.99e+002;-9.99e+002;-9.99e+002;-9.99e+002;-9.99e+002;-9.99e+002;-9.99e+002;-9.99e+002;-9.99e+002;-9.99e+002;-9.99e+002;-9.99e+002;-9.99e+002;-9.99e+002;-9.99e+002;-9.99e+002;-9.99e+002;-9.99e+002;0.00e+000;0.00e+000;0.00e+000;0.00e+000;0.00e+000;0.00e+000;0.00e+000;0.00e+000;0.00e+000;0.00e+000;0.00e+000;0.00e+000;0.00e+000;0.00e+000;0.00e+000;0.00e+000,-999., -999., -999., -999.
36.690, -120.16, 2017-03-02 04:35:00, NOAA, AVHRR, 76.4 9.2 127.8 8.9 4.7, low_, 1.511790, 0.100000, 0.100000, 1.555540, 45, 0.00,0.00;0.00;0.00;0.00;0.00;-9.31;0.00;0.00;0.00;0.00;0.00;0.00;0.00;0.00;0.00;0.00;0.00;0.00;0.00;0.00;0.00;0.00;0.00;0.00;0.00;0.00;0.00;0.00;0.00;0.00;0.00;0.00;0.00;0.00;0.00;0.00;0.00;0.00;0.00;0.00;0.00;0.00;0.00;0.00;0.00;0.00;0.00;0.00;0.00;0.00;0.00;0.00;0.00;0.00;0.00;0.00;0.00;0.00;0.00;0.00;0.00;0.00;0.00;0.00;0.00;0.00;0.00;0.00;0.00;0.00;0.00;0.00, 0.00e+000;0.00e+000;0.00e+000;0.00e+000;0.00e+000;-9.99e+002;-9.99e+002;-9.99e+002;-9.99e+002;-9.99e+002;-9.99e+002;-9.99e+002;-9.99e+002;-9.99e+002;-9.99e+002;-9.99e+002;-9.99e+002;-9.99e+002;-9.99e+002;-9.99e+002;-9.99e+002;-9.99e+002;-9.99e+002;-9.99e+002;-9.99e+002;-9.99e+002;-9.99e+002;-9.99e+002;-9.99e+002;-9.99e+002;-9.99e+002;-9.99e+002;-9.99e+002;-9.99e+002;-9.99e+002;-9.99e+002;-9.99e+002;-9.99e+002;-9.99e+002;-9.99e+002;-9.99e+002;-9.99e+002;-9.99e+002;-9.99e+002;-9.99e+002;-9.99e+002;-9.99e+002;-9.99e+002;-9.99e+002;-9.99e+002;-9.99e+002;-9.99e+002;-9.99e+002;-9.99e+002;-9.99e+002;-9.99e+002;0.00e+000;0.00e+000;0.00e+000;0.00e+000;0.00e+000;0.00e+000;0.00e+000;0.00e+000;0.00e+000;0.00e+000;0.00e+000;0.00e+000;0.00e+000;0.00e+000;0.00e+000;0.00e+000,-999., -999., -999., -999.
36.620, -119.94, 2017-03-02 04:35:00, NOAA, AVHRR, 76.4 9.6 147.3 9.2 5.0, low_, 1.560990, 0.100000, 0.100000, 1.720030, 47, 0.00,0.00;0.00;0.00;0.00;0.00;-9.31;0.00;0.00;0.00;0.00;0.00;0.00;0.00;0.00;0.00;0.00;0.00;0.00;0.00;0.00;0.00;0.00;0.00;0.00;0.00;0.00;0.00;0.00;0.00;0.00;0.00;0.00;0.00;0.00;0.00;0.00;0.00;0.00;0.00;0.00;0.00;0.00;0.00;0.00;0.00;0.00;0.00;0.00;0.00;0.00;0.00;0.00;0.00;0.00;0.00;0.00;0.00;0.00;0.00;0.00;0.00;0.00;0.00;0.00;0.00;0.00;0.00;0.00;0.00;0.00;0.00;0.00, 0.00e+000;0.00e+000;0.00e+000;0.00e+000;0.00e+000;-9.99e+002;-9.99e+002;-9.99e+002;-9.99e+002;-9.99e+002;-9.99e+002;-9.99e+002;-9.99e+002;-9.99e+002;-9.99e+002;-9.99e+002;-9.99e+002;-9.99e+002;-9.99e+002;-9.99e+002;-9.99e+002;-9.99e+002;-9.99e+002;-9.99e+002;-9.99e+002;-9.99e+002;-9.99e+002;-9.99e+002;-9.99e+002;-9.99e+002;-9.99e+002;-9.99e+002;-9.99e+002;-9.99e+002;-9.99e+002;-9.99e+002;-9.99e+002;-9.99e+002;-9.99e+002;-9.99e+002;-9.99e+002;-9.99e+002;-9.99e+002;-9.99e+002;-9.99e+002;-9.99e+002;-9.99e+002;-9.99e+002;-9.99e+002;-9.99e+002;-9.99e+002;-9.99e+002;-9.99e+002;-9.99e+002;-9.99e+002;-9.99e+002;0.00e+000;0.00e+000;0.00e+000;0.00e+000;0.00e+000;0.00e+000;0.00e+000;0.00e+000;0.00e+000;0.00e+000;0.00e+000;0.00e+000;0.00e+000;0.00e+000;0.00e+000;0.00e+000,-999., -999., -999., -999.
36.690, -120.17, 2017-03-02 04:35:00, NOAA, AVHRR, 76.4 9.2 127.2 8.9 4.7, low_, 1.508830, 0.100000, 0.100000, 1.550510, 45, 0.00,0.00;0.00;0.00;0.00;0.00;-9.31;0.00;0.00;0.00;0.00;0.00;0.00;0.00;0.00;0.00;0.00;0.00;0.00;0.00;0.00;0.00;0.00;0.00;0.00;0.00;0.00;0.00;0.00;0.00;0.00;0.00;0.00;0.00;0.00;0.00;0.00;0.00;0.00;0.00;0.00;0.00;0.00;0.00;0.00;0.00;0.00;0.00;0.00;0.00;0.00;0.00;0.00;0.00;0.00;0.00;0.00;0.00;0.00;0.00;0.00;0.00;0.00;0.00;0.00;0.00;0.00;0.00;0.00;0.00;0.00;0.00;0.00, 0.00e+000;0.00e+000;0.00e+000;0.00e+000;0.00e+000;-9.99e+002;-9.99e+002;-9.99e+002;-9.99e+002;-9.99e+002;-9.99e+002;-9.99e+002;-9.99e+002;-9.99e+002;-9.99e+002;-9.99e+002;-9.99e+002;-9.99e+002;-9.99e+002;-9.99e+002;-9.99e+002;-9.99e+002;-9.99e+002;-9.99e+002;-9.99e+002;-9.99e+002;-9.99e+002;-9.99e+002;-9.99e+002;-9.99e+002;-9.99e+002;-9.99e+002;-9.99e+002;-9.99e+002;-9.99e+002;-9.99e+002;-9.99e+002;-9.99e+002;-9.99e+002;-9.99e+002;-9.99e+002;-9.99e+002;-9.99e+002;-9.99e+002;-9.99e+002;-9.99e+002;-9.99e+002;-9.99e+002;-9.99e+002;-9.99e+002;-9.99e+002;-9.99e+002;-9.99e+002;-9.99e+002;-9.99e+002;-9.99e+002;0.00e+000;0.00e+000;0.00e+000;0.00e+000;0.00e+000;0.00e+000;0.00e+000;0.00e+000;0.00e+000;0.00e+000;0.00e+000;0.00e+000;0.00e+000;0.00e+000;0.00e+000;0.00e+000,-999., -999., -999., -999.
36.630, -119.94, 2017-03-02 05:18:00, NOAA, AVHRR, 76.8 9.6 146.8 9.2 5.0, low_, 1.562770, 0.100000, 0.100000, 1.715920, 47, 0.00,0.00;0.00;0.00;0.00;0.00;0.00;-9.31;0.00;0.00;0.00;0.00;0.00;0.00;0.00;0.00;0.00;0.00;0.00;0.00;0.00;0.00;0.00;0.00;0.00;0.00;0.00;0.00;0.00;0.00;0.00;0.00;0.00;0.00;0.00;0.00;0.00;0.00;0.00;0.00;0.00;0.00;0.00;0.00;0.00;0.00;0.00;0.00;0.00;0.00;0.00;0.00;0.00;0.00;0.00;0.00;0.00;0.00;0.00;0.00;0.00;0.00;0.00;0.00;0.00;0.00;0.00;0.00;0.00;0.00;0.00;0.00;0.00, 0.00e+000;0.00e+000;0.00e+000;0.00e+000;0.00e+000;0.00e+000;-9.99e+002;-9.99e+002;-9.99e+002;-9.99e+002;-9.99e+002;-9.99e+002;-9.99e+002;-9.99e+002;-9.99e+002;-9.99e+002;-9.99e+002;-9.99e+002;-9.99e+002;-9.99e+002;-9.99e+002;-9.99e+002;-9.99e+002;-9.99e+002;-9.99e+002;-9.99e+002;-9.99e+002;-9.99e+002;-9.99e+002;-9.99e+002;-9.99e+002;-9.99e+002;-9.99e+002;-9.99e+002;-9.99e+002;-9.99e+002;-9.99e+002;-9.99e+002;-9.99e+002;-9.99e+002;-9.99e+002;-9.99e+002;-9.99e+002;-9.99e+002;-9.99e+002;-9.99e+002;-9.99e+002;-9.99e+002;-9.99e+002;-9.99e+002;-9.99e+002;-9.99e+002;-9.99e+002;-9.99e+002;-9.99e+002;-9.99e+002;0.00e+000;0.00e+000;0.00e+000;0.00e+000;0.00e+000;0.00e+000;0.00e+000;0.00e+000;0.00e+000;0.00e+000;0.00e+000;0.00e+000;0.00e+000;0.00e+000;0.00e+000;0.00e+000,-999., -999., -999., -999.
35.930, -119.86, 2017-03-02 05:18:00, NOAA, AVHRR, 76.8 9.0 139.0 10.8 5.3, low_, 1.732300, 0.100000, 0.100000, 1.650990, 52, 0.00,0.00;0.00;0.00;0.00;0.00;0.00;-9.31;0.00;0.00;0.00;0.00;0.00;0.00;0.00;0.00;0.00;0.00;0.00;0.00;0.00;0.00;0.00;0.00;0.00;0.00;0.00;0.00;0.00;0.00;0.00;0.00;0.00;0.00;0.00;0.00;0.00;0.00;0.00;0.00;0.00;0.00;0.00;0.00;0.00;0.00;0.00;0.00;0.00;0.00;0.00;0.00;0.00;0.00;0.00;0.00;0.00;0.00;0.00;0.00;0.00;0.00;0.00;0.00;0.00;0.00;0.00;0.00;0.00;0.00;0.00;0.00;0.00, 0.00e+000;0.00e+000;0.00e+000;0.00e+000;0.00e+000;0.00e+000;-9.99e+002;-9.99e+002;-9.99e+002;-9.99e+002;-9.99e+002;-9.99e+002;-9.99e+002;-9.99e+002;-9.99e+002;-9.99e+002;-9.99e+002;-9.99e+002;-9.99e+002;-9.99e+002;-9.99e+002;-9.99e+002;-9.99e+002;-9.99e+002;-9.99e+002;-9.99e+002;-9.99e+002;-9.99e+002;-9.99e+002;-9.99e+002;-9.99e+002;-9.99e+002;-9.99e+002;-9.99e+002;-9.99e+002;-9.99e+002;-9.99e+002;-9.99e+002;-9.99e+002;-9.99e+002;-9.99e+002;-9.99e+002;-9.99e+002;-9.99e+002;-9.99e+002;-9.99e+002;-9.99e+002;-9.99e+002;-9.99e+002;-9.99e+002;-9.99e+002;-9.99e+002;-9.99e+002;-9.99e+002;-9.99e+002;-9.99e+002;0.00e+000;0.00e+000;0.00e+000;0.00e+000;0.00e+000;0.00e+000;0.00e+000;0.00e+000;0.00e+000;0.00e+000;0.00e+000;0.00e+000;0.00e+000;0.00e+000;0.00e+000;0.00e+000,-999., -999., -999., -999.
