lat, lon, rep_date, source, sensor, ffmc, dmc, dc, ws, fwi, fuel, ros, sfc, tfc, bfc, hfi, estarea
51.69,-122.9,2017-08-08 04:45:00,NOAA,AVHRR,93.163,138.526,754.709,7.236000000000001,37.760999999999996,D1,0.527937,1.45357,1.45357,5.48785,230,9.94
52.62,-123.37,2017-08-08 04:45:00,NOAA,AVHRR,93.65299999999999,118.23100000000001,643.645,7.4879999999999995,38.637,D1,0.5895520000000001,1.42269,1.42269,4.9013800000000005,252,9.94
50.9,-121.52,2017-08-08 04:45:00,NOAA,AVHRR,94.115,258.718,811.284,8.135,43.678999999999995,C2,20.0114,4.81758,5.60958,5.77686,33677,11.67
51.58,-122.78,2017-08-08 04:45:00,NOAA,AVHRR,93.31200000000001,133.821,727.2589999999999,7.422000000000001,38.298,C3,5.85884,4.46284,5.03784,5.3453800000000005,8855,11.67
51.14,-121.15,2017-08-08 04:45:00,NOAA,AVHRR,94.329,224.65200000000002,757.5219999999999,8.229,44.483999999999995,D1,0.7168399999999999,1.48665,1.48665,5.50237,320,9.94
50.98,-115.93,2017-08-08 04:45:00,NOAA,AVHRR,85.709,124.161,446.26599999999996,7.11,16.935,D1,0.106583,1.39717,1.39717,3.77912,45,9.94
52.91,-124.3,2017-08-08 04:45:00,NOAA,AVHRR,93.215,112.655,561.239,6.897,35.705999999999996,C3,5.23209,4.0938099999999995,4.54231,4.44707,7130,11.67
50.99,-115.95,2017-08-08 04:45:00,NOAA,AVHRR,85.917,124.073,446.211,7.1129999999999995,17.303,D1,0.111448,1.39704,1.39704,3.7787900000000003,47,9.94
53.04,-124.45,2017-08-08 04:45:00,NOAA,AVHRR,93.23100000000001,109.83,547.914,6.8389999999999995,35.441,C3,5.21173,4.04051,4.47751,4.37185,7001,11.67
52.69,-124.21,2017-08-08 04:45:00,NOAA,AVHRR,93.04799999999999,113.021,596.51,6.779,35.235,C3,4.8852,4.139869999999999,4.530869999999999,4.64374,6640,11.67
48.87,-120.43,2017-08-08 04:45:00,NOAA,AVHRR,93.976,219.15099999999998,685.493,7.568,42.088,C3,7.5549,4.7962,5.5782,5.12556,12643,28.58
48.88,-120.41,2017-08-08 04:45:00,NOAA,AVHRR,93.991,218.953,751.785,7.558,42.216,C3,7.599260000000001,4.82616,5.60816,5.47275,12785,28.58
48.86,-120.45,2017-08-08 04:45:00,NOAA,AVHRR,93.794,218.238,779.572,7.56,41.51,C3,7.136889999999999,4.83542,5.58292,5.61561,11953,28.58
50.9,-121.51,2017-08-08 04:45:00,NOAA,AVHRR,94.119,260.959,812.0239999999999,8.136000000000001,43.701,C2,20.0332,4.8207,5.6127,5.7806,33732,11.67
52.91,-124.04,2017-08-08 04:45:00,NOAA,AVHRR,93.35600000000001,114.369,578.54,7.132000000000001,36.653,C3,5.65437,4.13581,4.65331,4.54397,7893,11.67
52.64,-123.32,2017-08-08 04:45:00,NOAA,AVHRR,93.712,113.73299999999999,624.447,7.553,38.592,C3,6.70033,4.178,4.8335,4.79712,9716,11.67
52.65,-123.33,2017-08-08 04:45:00,NOAA,AVHRR,93.705,114.29,625.189,7.5520000000000005,38.601,C3,6.68628,4.18545,4.84095,4.80117,9710,11.67
50.99,-115.93,2017-08-08 04:45:00,NOAA,AVHRR,85.57799999999999,123.685,444.39,7.102,16.676,D1,0.10352599999999999,1.39606,1.39606,3.7678300000000005,43,9.94
48.87,-120.44,2017-08-08 04:45:00,NOAA,AVHRR,93.815,219.06,727.547,7.558,41.531000000000006,C3,7.17283,4.81618,5.563680000000001,5.3468800000000005,11972,28.58
52.43,-123.55,2017-08-08 04:45:00,NOAA,AVHRR,93.205,121.884,683.943,7.066,36.905,C3,5.37918,4.32249,4.8169900000000005,5.11733,7773,11.67
53.03,-124.48,2017-08-08 04:45:00,NOAA,AVHRR,93.204,110.124,548.08,6.8,35.326,C3,5.14076,4.04459,4.47009,4.37279,6894,11.67
52.9,-124.29,2017-08-08 04:54:00,NOAA,AVHRR,93.212,113.244,564.837,6.899,35.754,D1,0.5166310000000001,1.40515,1.40515,4.46729,218,9.94
52.67,-124.2,2017-08-08 04:54:00,NOAA,AVHRR,93.035,118.749,613.565,6.767,35.555,D1,0.494886,1.41982,1.41982,4.73762,211,9.94
52.89,-123.82,2017-08-08 04:54:00,NOAA,AVHRR,93.459,114.462,589.336,7.307,37.278,C3,5.97967,4.149369999999999,4.71287,4.604019999999999,8454,11.67
52.63,-124.16,2017-08-08 04:54:00,NOAA,AVHRR,93.021,120.62200000000001,624.7130000000001,6.749,35.626,D1,0.493158,1.42362,1.42362,4.79858,211,9.94
52.94,-124.03,2017-08-08 04:54:00,NOAA,AVHRR,93.382,113.564,574.558,7.162999999999999,36.711,D1,0.544863,1.40711,1.40711,4.52175,230,9.94
61.28,-111.91,2017-08-08 04:54:00,NOAA,AVHRR,87.824,52.287,499.17199999999997,10.338,18.287,C1,0.347823,1.32365,1.32365,4.09201,138,26.62
51.67,-122.76,2017-08-08 05:27:00,NOAA,AVHRR,93.361,139.31799999999998,748.317,7.457000000000001,38.733000000000004,C2,16.2223,4.4385,5.2145,5.45481,25377,11.67
51.17,-121.08,2017-08-08 05:27:00,NOAA,AVHRR,94.34,212.514,737.1619999999999,8.214,44.415,C2,20.7094,4.7080400000000004,5.50004,5.39696,34171,11.67
52.46,-123.49,2017-08-08 05:27:00,NOAA,AVHRR,93.32,119.29899999999999,669.5039999999999,7.167000000000001,37.247,C3,5.64858,4.28335,4.81235,5.04039,8155,11.67
52.66,-123.27,2017-08-08 05:27:00,NOAA,AVHRR,93.71700000000001,104.18799999999999,594.539,7.606,37.891999999999996,D1,0.599775,1.39419,1.39419,4.63284,251,9.94
52.6,-121.14,2017-08-08 05:27:00,NOAA,AVHRR,94.81299999999999,138.088,454.327,7.871,43.056000000000004,D1,0.75685,1.41511,1.41511,3.82746,321,9.94
52.47,-123.85,2017-08-08 05:27:00,NOAA,AVHRR,93.073,119.598,660.929,6.847,36.013000000000005,D1,0.502091,1.42635,1.42635,4.99447,215,9.94
52.67,-123.37,2017-08-08 05:27:00,NOAA,AVHRR,93.676,113.84899999999999,621.062,7.5329999999999995,38.43,C3,6.60505,4.17598,4.81998,4.77865,9551,11.67
52.61,-123.35,2017-08-08 05:27:00,NOAA,AVHRR,93.669,118.40899999999999,645.528,7.497000000000001,38.722,C3,6.5852699999999995,4.252330000000001,4.89633,4.91155,9673,11.67
52.53,-123.5,2017-08-08 05:27:00,NOAA,AVHRR,93.441,121.79799999999999,666.18,7.252000000000001,37.87,C3,5.94813,4.30679,4.8817900000000005,5.02261,8711,11.67
50.98,-121.1,2017-08-08 05:27:00,NOAA,AVHRR,94.292,202.826,735.314,8.135,44.043,C3,8.91583,4.78426,5.65826,5.38735,15134,11.67
52.44,-121.73,2017-08-08 05:27:00,NOAA,AVHRR,94.244,151.987,594.617,8.003,42.513000000000005,C2,19.6208,4.4074800000000005,5.19948,4.6332699999999996,30605,11.67
51.69,-122.86,2017-08-08 05:27:00,NOAA,AVHRR,93.21600000000001,138.724,753.8389999999999,7.2989999999999995,38.027,D1,0.535988,1.45367,1.45367,5.48336,234,9.94
52.79,-121.02,2017-08-08 05:27:00,NOAA,AVHRR,95.075,118.074,420.836,7.903,42.629,D1,0.793405,1.3816899999999999,1.3816899999999999,3.6249300000000004,329,9.94
52.61,-121.32,2017-08-08 05:27:00,NOAA,AVHRR,94.709,130.326,457.892,8.017999999999999,42.544,C2,20.8557,4.13229,4.92429,3.84876,30810,11.67
52.3,-123.5,2017-08-08 05:27:00,NOAA,AVHRR,92.90100000000001,119.461,704.328,6.888999999999999,35.639,D1,0.486755,1.43039,1.43039,5.22516,209,9.94
52.41,-123.26,2017-08-08 05:27:00,NOAA,AVHRR,93.34299999999999,115.193,675.982,7.292000000000001,37.297,C3,5.76748,4.24286,4.78336,5.0749699999999995,8276,11.67
52.51,-123.53,2017-08-08 05:27:00,NOAA,AVHRR,93.37799999999999,121.954,669.336,7.196000000000001,37.601,C3,5.7857199999999995,4.3110800000000005,4.86308,5.03949,8441,11.67
53.07,-124.36,2017-08-08 05:27:00,NOAA,AVHRR,93.31,109.68700000000001,550.383,6.9510000000000005,35.839,D1,2.6415,1.39711,1.39711,4.38583,1107,9.94
52.31,-123.5,2017-08-08 05:27:00,NOAA,AVHRR,92.927,119.46799999999999,702.5110000000001,6.905,35.739000000000004,D1,0.48987600000000003,1.43024,1.43024,5.21558,210,9.94
52.78,-121.05,2017-08-08 05:27:00,NOAA,AVHRR,95.061,118.96,421.69800000000004,7.922999999999999,42.672,C2,21.7845,3.99506,4.787059999999999,3.6302,31285,11.67
52.4,-123.28,2017-08-08 05:27:00,NOAA,AVHRR,93.29299999999999,114.87100000000001,675.503,7.257999999999999,37.067,C3,5.64792,4.23869,4.76768,5.07241,8078,11.67
52.43,-123.7,2017-08-08 05:27:00,NOAA,AVHRR,93.10700000000001,121.33200000000001,677.737,6.9270000000000005,36.36,D1,0.508683,1.43021,1.43021,5.08432,218,9.94
51.63,-122.67,2017-08-08 05:27:00,NOAA,AVHRR,93.455,148.918,762.931,7.596,39.516999999999996,D1,0.574839,1.46151,1.46151,5.53024,252,9.94
50.99,-115.87,2017-08-08 05:27:00,NOAA,AVHRR,84.491,54.083999999999996,251.745,7.072,10.158,low_veg,1.0783399999999999,0.1,0.1,2.51687,32,11.49
51.16,-121.02,2017-08-08 05:27:00,NOAA,AVHRR,94.346,200.356,716.051,8.183,44.272,C2,20.6193,4.6678,5.4598,5.28676,33773,11.67
51.0,-115.92,2017-08-08 05:27:00,NOAA,AVHRR,85.245,116.01700000000001,422.353,7.093999999999999,15.77,D1,0.09612639999999999,1.379,1.379,3.6342,40,9.94
52.52,-124.07,2017-08-08 05:27:00,NOAA,AVHRR,92.99,122.95700000000001,654.568,6.702999999999999,35.693000000000005,C3,4.78289,4.30844,4.69944,4.9602900000000005,6743,11.67
52.3,-123.55,2017-08-08 05:27:00,NOAA,AVHRR,92.881,120.381,704.954,6.847,35.567,C2,14.1077,4.28176,5.04176,5.22845,21338,11.67
52.6,-123.35,2017-08-08 05:27:00,NOAA,AVHRR,93.666,117.88600000000001,645.286,7.487,38.67,C3,6.56872,4.24631,4.8903099999999995,4.91025,9637,11.67
52.77,-124.17,2017-08-08 05:27:00,NOAA,AVHRR,93.15299999999999,111.69200000000001,582.196,6.894,35.561,C3,5.12516,4.10705,4.53255,4.5643400000000005,6969,11.67
52.64,-123.31,2017-08-08 05:27:00,NOAA,AVHRR,93.72,113.844,624.879,7.562,38.64,C3,6.72613,4.17978,4.83528,4.79948,9757,11.67
52.75,-123.84,2017-08-08 05:27:00,NOAA,AVHRR,93.374,103.59899999999999,572.944,7.176,36.044000000000004,C3,5.68038,3.9852300000000005,4.491230000000001,4.51272,7654,11.67
52.5,-123.5,2017-08-08 05:27:00,NOAA,AVHRR,93.391,120.088,665.2919999999999,7.212000000000001,37.567,C3,5.817080000000001,4.2881800000000005,4.84018,5.01785,8447,11.67
52.78,-121.04,2017-08-08 05:27:00,NOAA,AVHRR,95.06299999999999,118.859,420.92900000000003,7.914,42.652,C2,21.7769,3.99304,4.78504,3.6255,31261,11.67
51.23,-121.09,2017-08-08 05:27:00,NOAA,AVHRR,94.37299999999999,192.21200000000002,703.929,8.242,44.363,C2,20.7436,4.63865,5.43065,5.22306,33795,11.67
51.63,-122.75,2017-08-08 05:27:00,NOAA,AVHRR,93.346,143.85,755.461,7.474,38.84,C2,16.234,4.46851,5.24451,5.49174,25542,11.67
52.9,-123.76,2017-08-08 05:27:00,NOAA,AVHRR,93.48899999999999,111.027,585.432,7.367000000000001,37.229,C3,6.0698300000000005,4.10234,4.67734,4.58234,8517,11.67
51.66,-122.76,2017-08-08 05:27:00,NOAA,AVHRR,93.363,140.649,750.548,7.457000000000001,38.783,C2,16.2397,4.44759,5.22359,5.46636,25449,11.67
52.52,-123.5,2017-08-08 05:27:00,NOAA,AVHRR,93.425,121.57600000000001,667.012,7.239,37.792,C3,5.90695,4.305219999999999,4.86872,5.02706,8628,11.67
52.45,-121.73,2017-08-08 05:27:00,NOAA,AVHRR,94.243,144.92600000000002,571.432,8.012,42.205,C2,19.5445,4.3497900000000005,5.14179,4.50427,30148,11.67
50.92,-121.43,2017-08-08 05:27:00,NOAA,AVHRR,94.25399999999999,266.824,809.794,8.169,44.284,D1,0.705392,1.49291,1.49291,5.76933,316,9.94
52.51,-123.5,2017-08-08 05:27:00,NOAA,AVHRR,93.40899999999999,121.213,667.4060000000001,7.226,37.705999999999996,C3,5.86541,4.3018,4.8653,5.02917,8561,11.67
50.91,-121.43,2017-08-08 05:27:00,NOAA,AVHRR,94.255,273.493,815.252,8.162,44.292,D1,0.705349,1.4935200000000002,1.4935200000000002,5.79691,316,9.94
51.62,-122.67,2017-08-08 05:27:00,NOAA,AVHRR,93.45700000000001,147.836,759.433,7.597,39.495,D1,0.5750609999999999,1.4606,1.4606,5.51222,252,9.94
52.85,-124.03,2017-08-08 05:27:00,NOAA,AVHRR,93.31299999999999,116.45299999999999,593.55,7.093,36.656,D1,0.535234,1.41406,1.41406,4.62737,227,9.94
53.04,-124.42,2017-08-08 05:27:00,NOAA,AVHRR,93.25,110.521,551.758,6.869,35.606,C3,5.26765,4.0545800000000005,4.503080000000001,4.3936,7116,11.67
52.96,-124.31,2017-08-08 05:36:00,NOAA,AVHRR,93.255,112.34,562.08,6.9239999999999995,35.857,C3,5.31993,4.09093,4.55093,4.4518,7263,11.67
52.66,-123.29,2017-08-08 05:36:00,NOAA,AVHRR,93.705,108.302,607.4069999999999,7.587000000000001,38.186,D1,2.99127,1.40331,1.40331,4.70381,1259,9.94
52.51,-123.45,2017-08-08 05:36:00,NOAA,AVHRR,93.463,120.33200000000001,665.1139999999999,7.276,37.904,C3,6.0042800000000005,4.29061,4.86561,5.0169,8764,11.67
52.47,-123.78,2017-08-08 05:36:00,NOAA,AVHRR,93.12100000000001,118.50200000000001,661.67,6.912000000000001,36.202,C3,5.11956,4.26791,4.71641,4.99844,7244,11.67
52.65,-124.07,2017-08-08 05:36:00,NOAA,AVHRR,93.10600000000001,119.14399999999999,622.904,6.856,35.955999999999996,D1,0.505359,1.42149,1.42149,4.78871,216,9.94
52.37,-123.47,2017-08-08 05:36:00,NOAA,AVHRR,93.11,118.04799999999999,687.7810000000001,7.039,36.391,D1,0.5129239999999999,1.4270399999999999,1.4270399999999999,5.1377,220,9.94
51.67,-122.78,2017-08-08 05:36:00,NOAA,AVHRR,93.334,138.644,747.673,7.426,38.58,D1,0.553679,1.45319,1.45319,5.45148,241,9.94
52.41,-123.16,2017-08-08 05:36:00,NOAA,AVHRR,93.404,114.55,673.683,7.39,37.584,C3,5.95326,4.23335,4.79685,5.06271,8567,11.67
52.59,-121.04,2017-08-08 05:36:00,NOAA,AVHRR,94.865,152.996,521.153,7.796,44.232,C5,3.88616,4.1529,4.1529,4.21915,4842,11.67
52.95,-124.3,2017-08-08 05:36:00,NOAA,AVHRR,93.25200000000001,112.066,559.929,6.926,35.821,D1,2.60814,1.40254,1.40254,4.4397,1097,9.94
52.93,-123.86,2017-08-08 05:36:00,NOAA,AVHRR,93.463,115.977,592.852,7.297999999999999,37.383,C3,5.987,4.17123,4.73473,4.6235,8504,11.67
52.67,-123.29,2017-08-08 05:36:00,NOAA,AVHRR,93.704,107.029,602.263,7.596,38.079,C3,6.68347,4.0680000000000005,4.712,4.67549,9448,11.67
52.93,-124.12,2017-08-08 05:36:00,NOAA,AVHRR,93.331,113.271,570.504,7.079,36.397,C3,5.56546,4.1128599999999995,4.60736,4.49907,7693,11.67
52.96,-123.96,2017-08-08 06:20:00,NASA,MODIS,93.431,111.397,559.309,7.237,36.746,D1,2.76328,1.40137,1.40137,4.43621,1162,9.94
52.67,-124.23,2017-08-08 06:20:00,NASA,MODIS,93.01299999999999,118.059,610.0219999999999,6.74,35.402,D1,0.49165699999999996,1.41845,1.41845,4.71818,209,9.94
52.94,-124.37,2017-08-08 06:22:00,USFS,MODIS,93.19200000000001,111.756,554.284,6.847,35.48,O1,0.263671,0.35,0.35,0.308685,28,11.23
51.9,-122.63,2017-08-08 09:30:00,USFS,VIIRS,93.51100000000001,128.391,733.421,7.655,39.12,C2,16.7849,4.35893,5.142930000000001,5.3775,25897,11.67
51.628,-122.74700000000001,2017-08-08 09:30:00,USFS,VIIRS,93.35,143.007,753.105,7.479,38.833,C2,16.2434,4.46255,5.23855,5.47957,25528,11.67
48.803000000000004,-120.38600000000001,2017-08-08 09:30:00,USFS,VIIRS,94.009,217.80200000000002,718.8580000000001,7.517,42.181999999999995,C3,7.5977,4.8098,5.5918,5.30146,12745,28.58
50.89,-121.14,2017-08-08 09:30:00,USFS,VIIRS,93.696,214.45,767.145,8.117,41.864,D1,0.628886,1.48522,1.48522,5.5519099999999995,280,9.94
51.0,-115.92,2017-08-08 09:30:00,USFS,VIIRS,85.245,116.01700000000001,422.353,7.093999999999999,15.77,D1,0.09612639999999999,1.379,1.379,3.6342,40,9.94
52.911,-124.014,2017-08-08 10:25:00,NASA,MODIS,93.37100000000001,114.41,579.303,7.155,36.736999999999995,C3,5.698580000000001,4.1372,4.6547,4.54823,7958,11.67
53.169,-124.01,2017-08-08 10:25:00,NASA,MODIS,93.539,104.23700000000001,526.8009999999999,7.316,36.505,C2,16.0506,3.99454,4.7705400000000004,4.25156,22971,11.67
50.94,-121.1,2017-08-08 10:25:00,NASA,MODIS,93.66799999999999,203.865,744.388,8.124,41.676,D1,0.6252409999999999,1.48211,1.48211,5.43446,278,9.94
52.919,-124.215,2017-08-08 10:25:00,NASA,MODIS,93.264,113.49700000000001,569.1419999999999,6.986000000000001,36.07,D1,0.525438,1.4062,1.4062,4.49144,222,9.94
47.08,-114.91,2017-08-08 10:31:00,NOAA,AVHRR,96.51899999999999,229.079,545.028,9.696,55.799,C3,20.1675,4.741569999999999,5.86857,4.35548,35506,28.58
67.253,-125.60700000000001,2017-08-08 11:06:00,USFS,VIIRS,79.723,28.066,277.836,8.107000000000001,4.64,C2,0.9653120000000001,2.01358,2.01358,2.69941,583,26.62
51.68,-122.88,2017-08-08 11:10:00,USFS,VIIRS,93.193,136.065,746.865,7.267,37.814,C2,15.5167,4.41769,5.19369,5.4473,24177,11.67
52.327,-123.294,2017-08-08 11:10:00,USFS,VIIRS,93.057,114.305,689.117,7.122999999999999,36.132,C3,5.133380000000001,4.24332,4.69182,5.14478,7225,11.67
51.2,-121.06,2017-08-08 11:10:00,USFS,VIIRS,94.367,203.12900000000002,720.944,8.215,44.43,C2,20.7537,4.6775199999999995,5.469519999999999,5.31238,34054,11.67
50.88,-121.14,2017-08-08 11:10:00,USFS,VIIRS,93.685,214.11900000000003,767.8530000000001,8.115,41.821000000000005,D1,0.627498,1.48519,1.48519,5.555540000000001,280,9.94
63.376000000000005,-139.746,2017-08-08 12:05:00,NASA,MODIS,60.513999999999996,27.635,128.19799999999998,6.081,0.7659999999999999,C2,0.182348,1.69176,1.69176,1.55874,93,33.28
53.06,-124.37,2017-08-08 12:07:00,NOAA,AVHRR,93.296,108.929,546.618,6.934,35.7,C3,5.38435,4.02686,4.48686,4.3645,7248,11.67
52.97,-124.24,2017-08-08 12:07:00,NOAA,AVHRR,93.291,111.57,559.6419999999999,6.994,36.0,C3,5.42749,4.07816,4.54966,4.43808,7408,11.67
52.52,-123.5,2017-08-08 12:07:00,NOAA,AVHRR,93.425,121.57600000000001,667.012,7.239,37.792,C3,5.90695,4.305219999999999,4.86872,5.02706,8628,11.67
52.8,-120.72,2017-08-08 12:07:00,NOAA,AVHRR,95.021,118.23899999999999,425.45599999999996,7.675,42.18600000000001,C5,3.97077,3.58995,3.58995,3.65314,4276,11.67
52.49,-123.51,2017-08-08 12:07:00,NOAA,AVHRR,93.361,120.777,669.345,7.19,37.484,C3,5.7464,4.29892,4.83942,5.039540000000001,8343,11.67
52.49,-123.52,2017-08-08 12:07:00,NOAA,AVHRR,93.351,122.025,673.5260000000001,7.181,37.510999999999996,C3,5.72591,4.31535,4.85585,5.06187,8341,11.67
52.93,-123.97,2017-08-08 12:07:00,NOAA,AVHRR,93.40799999999999,114.00200000000001,577.7959999999999,7.207000000000001,36.894,D1,0.549478,1.40826,1.40826,4.53982,232,9.94
52.92,-123.95,2017-08-08 12:07:00,NOAA,AVHRR,93.411,114.38799999999999,580.369,7.218,36.952,D1,0.5502520000000001,1.40921,1.40921,4.55417,233,9.94
52.74,-123.82,2017-08-08 12:07:00,NOAA,AVHRR,93.38,103.39399999999999,574.352,7.185,36.068000000000005,C3,5.69781,3.98389,4.48989,4.5206,7675,11.67
52.65,-123.36,2017-08-08 12:07:00,NOAA,AVHRR,93.66799999999999,116.412,634.544,7.527,38.601,C3,6.596,4.2195,4.8635,4.852069999999999,9624,11.67
50.98,-115.88,2017-08-08 12:07:00,NOAA,AVHRR,84.79899999999999,72.67,303.453,7.086,12.27,D1,0.08573789999999999,1.21584,1.21584,2.87385,31,9.94
51.07,-121.54,2017-08-08 12:07:00,NOAA,AVHRR,94.103,233.003,780.84,8.242,43.683,C2,20.0089,4.76774,5.559740000000001,5.6221,33373,11.67
50.95,-121.49,2017-08-08 12:07:00,NOAA,AVHRR,94.132,251.80200000000002,801.388,8.16,43.757,C2,20.0782,4.804880000000001,5.5968800000000005,5.72674,33712,11.67
51.64,-122.65,2017-08-08 12:07:00,NOAA,AVHRR,93.48100000000001,150.385,765.946,7.622999999999999,39.685,C2,16.8492,4.50866,5.29266,5.54574,26753,11.67
52.61,-121.16,2017-08-08 12:07:00,NOAA,AVHRR,94.81700000000001,144.095,489.59,7.894,43.659,C2,21.2826,4.2591,5.0511,4.03608,32250,11.67
53.16,-124.01,2017-08-08 12:07:00,NOAA,AVHRR,93.53399999999999,104.711,529.514,7.311,36.535,C2,16.0399,4.00217,4.778169999999999,4.2670900000000005,22992,11.67
53.3,-124.12,2017-08-08 12:07:00,NOAA,AVHRR,93.564,100.22399999999999,513.825,7.295,36.156,C2,16.0303,3.9382800000000002,4.7142800000000005,4.17694,22671,11.67
52.8,-120.7,2017-08-08 12:07:00,NOAA,AVHRR,95.01,120.479,439.78,7.66,42.438,C5,3.9560400000000002,3.6545699999999997,3.6545699999999997,3.74004,4337,11.67
51.68,-122.86,2017-08-08 12:07:00,NOAA,AVHRR,93.22,138.46,752.02,7.297999999999999,38.028,C2,15.6457,4.435230000000001,5.2112300000000005,5.47397,24460,11.67
51.16,-121.04,2017-08-08 12:07:00,NOAA,AVHRR,94.34200000000001,206.06099999999998,725.8689999999999,8.192,44.33,C2,20.6509,4.68734,5.4793400000000005,5.33812,33946,11.67
50.93,-121.06,2017-08-08 12:07:00,NOAA,AVHRR,93.65899999999999,206.757,748.8580000000001,8.107999999999999,41.647,C3,7.26713,4.7996300000000005,5.54713,5.45761,12094,11.67
53.17,-124.01,2017-08-08 12:07:00,NOAA,AVHRR,93.54,104.199,526.616,7.316,36.503,C2,16.0519,3.9939699999999996,4.76997,4.2505,22970,11.67
53.05,-124.01,2017-08-08 12:07:00,NOAA,AVHRR,93.462,109.984,558.411,7.252999999999999,36.775999999999996,C3,5.92251,4.0561300000000005,4.59663,4.43115,8167,11.67
52.5,-123.5,2017-08-08 12:07:00,NOAA,AVHRR,93.391,120.088,665.2919999999999,7.212000000000001,37.567,C3,5.817080000000001,4.2881800000000005,4.84018,5.01785,8447,11.67
52.67,-124.2,2017-08-08 12:07:00,NOAA,AVHRR,93.035,118.749,613.565,6.767,35.555,D1,0.494886,1.41982,1.41982,4.73762,211,9.94
50.99,-121.1,2017-08-08 12:07:00,NOAA,AVHRR,94.296,197.51,728.0880000000001,8.139,44.00899999999999,C3,8.92071,4.76719,5.64119,5.3497,15097,11.67
53.01,-124.47,2017-08-08 12:07:00,NOAA,AVHRR,93.194,110.649,550.232,6.794,35.332,C3,5.12215,4.05424,4.4797400000000005,4.38497,6884,11.67
53.01,-124.48,2017-08-08 12:07:00,NOAA,AVHRR,93.18799999999999,110.20299999999999,547.999,6.784,35.26,C3,5.10325,4.04551,4.45951,4.372330000000001,6827,11.67
50.89,-121.49,2017-08-08 12:07:00,NOAA,AVHRR,94.12700000000001,274.334,820.138,8.131,43.755,D1,0.686719,1.49367,1.49367,5.82155,308,9.94
52.31,-123.54,2017-08-08 12:07:00,NOAA,AVHRR,92.91,120.273,703.2439999999999,6.871,35.68,D1,0.487048,1.43131,1.43131,5.21945,209,9.94
52.51,-123.51,2017-08-08 12:07:00,NOAA,AVHRR,93.398,120.77799999999999,665.798,7.216,37.628,C3,5.83448,4.29588,4.84788,5.02056,8485,11.67
52.69,-124.18,2017-08-08 12:07:00,NOAA,AVHRR,93.07,114.176,601.133,6.806,35.423,C3,4.94183,4.159009999999999,4.56151,4.6692599999999995,6763,11.67
52.6,-123.33,2017-08-08 12:07:00,NOAA,AVHRR,93.675,114.598,635.9,7.502000000000001,38.5,C3,6.585610000000001,4.19963,4.84363,4.859430000000001,9569,11.67
52.52,-123.48,2017-08-08 12:07:00,NOAA,AVHRR,93.447,120.27,662.965,7.2589999999999995,37.817,C3,5.95985,4.28809,4.863090000000001,5.005380000000001,8695,11.67
52.91,-124.02,2017-08-08 12:07:00,NOAA,AVHRR,93.367,114.419,579.2280000000001,7.149,36.718,C3,5.6876,4.13721,4.65471,4.54781,7942,11.67
50.99,-121.11,2017-08-08 12:07:00,NOAA,AVHRR,94.294,198.06,728.717,8.142000000000001,44.013000000000005,C3,8.920069999999999,4.76896,5.6429599999999995,5.3529800000000005,15101,11.67
52.65,-123.28,2017-08-08 12:07:00,NOAA,AVHRR,93.712,107.17,605.028,7.587000000000001,38.12,D1,0.598873,1.40105,1.40105,4.69072,252,9.94
52.92,-123.97,2017-08-08 12:07:00,NOAA,AVHRR,93.4,114.29799999999999,579.489,7.2,36.884,C3,5.7851099999999995,4.13607,4.66507,4.549259999999999,8096,11.67
52.33,-123.27,2017-08-08 12:07:00,NOAA,AVHRR,93.084,114.289,688.424,7.152,36.254,C3,5.19881,4.24257,4.70257,5.14111,7334,11.67
52.51,-123.5,2017-08-08 12:07:00,NOAA,AVHRR,93.40899999999999,121.213,667.4060000000001,7.226,37.705999999999996,C3,5.86541,4.3018,4.8653,5.02917,8561,11.67
52.71,-124.11,2017-08-08 12:07:00,NOAA,AVHRR,93.12899999999999,107.978,583.649,6.89,35.260999999999996,C3,5.07155,4.06004,4.4740400000000005,4.572430000000001,6807,11.67
53.03,-124.44,2017-08-08 12:07:00,NOAA,AVHRR,93.23,109.89,548.2330000000001,6.841,35.446999999999996,C3,5.21202,4.04173,4.4787300000000005,4.37365,7003,11.67
53.05,-124.0,2017-08-08 12:07:00,NOAA,AVHRR,93.46600000000001,109.887,557.569,7.2620000000000005,36.789,C3,5.93586,4.05379,4.60579,4.4264,8202,11.67
52.91,-124.01,2017-08-08 12:07:00,NOAA,AVHRR,93.37200000000001,114.44200000000001,579.548,7.1579999999999995,36.747,C3,5.70287,4.1378699999999995,4.65537,4.54959,7965,11.67
52.9,-123.99,2017-08-08 12:07:00,NOAA,AVHRR,93.374,113.98700000000001,581.438,7.165,36.747,C3,5.7102699999999995,4.13459,4.65209,4.5601199999999995,7969,11.67
51.13,-120.98,2017-08-08 12:07:00,NOAA,AVHRR,94.38600000000001,197.783,712.275,8.151,44.354,C2,20.7063,4.65891,5.4509099999999995,5.26695,33861,11.67
53.3,-124.14,2017-08-08 12:07:00,NOAA,AVHRR,93.554,99.353,509.839,7.282,36.006,C2,15.9702,3.9243900000000003,4.7003900000000005,4.15391,22520,11.67
53.06,-124.38,2017-08-08 12:07:00,NOAA,AVHRR,93.29,109.556,549.092,6.9239999999999995,35.724000000000004,C3,5.36982,4.03845,4.49845,4.37852,7247,11.67
52.74,-123.84,2017-08-08 12:07:00,NOAA,AVHRR,93.366,103.325,573.295,7.167000000000001,35.988,C3,5.65762,3.98159,4.47609,4.51469,7597,11.67
51.15,-121.02,2017-08-08 12:07:00,NOAA,AVHRR,94.38799999999999,200.27599999999998,716.48,8.177,44.428000000000004,C2,20.763,4.66782,5.45982,5.28901,34009,11.67
53.46,-125.16,2017-08-08 12:07:00,NOAA,AVHRR,92.49799999999999,103.825,496.259,6.313,31.816999999999997,C2,12.3703,3.95759,4.70159,4.07504,17448,11.67
51.63,-122.74,2017-08-08 12:07:00,NOAA,AVHRR,93.36,142.955,752.8510000000001,7.49,38.882,C2,16.2849,4.46212,5.238119999999999,5.47826,25591,11.67
52.6,-121.33,2017-08-08 12:07:00,NOAA,AVHRR,94.682,132.224,463.94,8.014,42.588,C2,20.7862,4.15331,4.9453,3.88479,30838,11.67
51.24,-121.1,2017-08-08 12:07:00,NOAA,AVHRR,94.374,204.542,723.77,8.251,44.523,C2,20.8344,4.682519999999999,5.47452,5.32716,34217,11.67
52.3,-118.31,2017-08-08 12:07:00,NOAA,AVHRR,91.68299999999999,68.89699999999999,412.665,7.627999999999999,26.714000000000002,C2,11.0058,3.36533,4.08533,3.57481,13489,11.67
51.23,-121.09,2017-08-08 12:07:00,NOAA,AVHRR,94.37299999999999,192.21200000000002,703.929,8.242,44.363,C2,20.7436,4.63865,5.43065,5.22306,33795,11.67
51.22,-121.08,2017-08-08 12:07:00,NOAA,AVHRR,94.37200000000001,202.644,720.462,8.232999999999999,44.47,C2,20.7925,4.67603,5.468030000000001,5.30986,34108,11.67
52.44,-123.71,2017-08-08 12:07:00,NOAA,AVHRR,93.117,121.186,675.2919999999999,6.932,36.385999999999996,C3,5.13438,4.30819,4.76819,5.07129,7345,11.67
50.92,-121.09,2017-08-08 12:07:00,NOAA,AVHRR,93.647,205.46400000000003,749.75,8.113999999999999,41.603,D1,0.6223420000000001,1.4827,1.4827,5.46223,277,9.94
52.45,-123.49,2017-08-08 12:07:00,NOAA,AVHRR,93.301,117.74700000000001,670.6289999999999,7.152,37.092,C3,5.59788,4.26736,4.78486,5.0464,8036,11.67
52.89,-123.76,2017-08-08 12:07:00,NOAA,AVHRR,93.484,106.863,575.491,7.36,36.876,C3,6.03607,4.03509,4.59859,4.52696,8327,11.67
51.63,-122.67,2017-08-08 12:07:00,NOAA,AVHRR,93.455,148.918,762.931,7.596,39.516999999999996,D1,0.574839,1.46151,1.46151,5.53024,252,9.94
52.3,-123.5,2017-08-08 12:07:00,NOAA,AVHRR,92.90100000000001,119.461,704.328,6.888999999999999,35.639,D1,0.486755,1.43039,1.43039,5.22516,209,9.94
52.44,-123.72,2017-08-08 12:07:00,NOAA,AVHRR,93.11,120.81,673.939,6.922999999999999,36.329,C3,5.11485,4.30314,4.75164,5.06407,7291,11.67
52.84,-124.05,2017-08-08 12:07:00,NOAA,AVHRR,93.29299999999999,116.555,593.679,7.068,36.564,D1,0.532135,1.41422,1.41422,4.628080000000001,226,9.94
53.45,-124.48,2017-08-08 12:07:00,NOAA,AVHRR,93.405,95.021,491.876,7.08,34.766999999999996,C2,15.2559,3.85466,4.62266,4.04946,21157,11.67
52.85,-124.06,2017-08-08 12:07:00,NOAA,AVHRR,93.295,116.20299999999999,591.18,7.067,36.537,D1,2.66115,1.4133799999999999,1.4133799999999999,4.614240000000001,1128,9.94
52.32,-123.29,2017-08-08 12:07:00,NOAA,AVHRR,93.038,114.20200000000001,690.296,7.115,36.058,C3,5.09545,4.24306,4.68006,5.15103,7154,11.67
52.39,-123.31,2017-08-08 12:07:00,NOAA,AVHRR,93.272,115.296,678.943,7.2170000000000005,36.982,O1,0.0,0.35,0.35,0.0,0,11.23
52.68,-124.19,2017-08-08 12:07:00,NOAA,AVHRR,93.052,116.669,607.805,6.787000000000001,35.506,O1,1.27621,0.35,0.35,0.329563,134,11.23
52.93,-124.37,2017-08-08 12:07:00,NOAA,AVHRR,93.191,111.54700000000001,552.889,6.843,35.449,O1,1.31756,0.35,0.35,0.308133,138,11.23
52.92,-124.37,2017-08-08 12:07:00,NOAA,AVHRR,93.181,112.015,555.24,6.835,35.449,O1,0.262837,0.35,0.35,0.30906300000000003,28,11.23
52.68,-124.2,2017-08-08 12:07:00,NOAA,AVHRR,93.045,116.76100000000001,607.379,6.778,35.476,O1,2.29257,0.35,0.35,0.329399,241,11.23
52.93,-124.38,2017-08-08 12:07:00,NOAA,AVHRR,93.176,111.84299999999999,553.625,6.83,35.407,O1,1.3124,0.35,0.35,0.308424,138,11.23
52.33,-123.29,2017-08-08 12:07:00,NOAA,AVHRR,93.07,114.44200000000001,688.841,7.132000000000001,36.193000000000005,C3,5.16253,4.24472,4.693219999999999,5.14332,7269,11.67
53.05,-124.02,2017-08-08 12:07:00,NOAA,AVHRR,93.45700000000001,110.221,560.409,7.245,36.775,C3,5.90726,4.06175,4.60225,4.4424,8156,11.67
52.65,-123.26,2017-08-08 12:07:00,NOAA,AVHRR,93.711,103.54799999999999,592.639,7.61,37.818000000000005,C3,6.69198,4.0075,4.6515,4.622319999999999,9338,11.67
51.23,-121.1,2017-08-08 12:07:00,NOAA,AVHRR,94.369,197.44799999999998,712.6419999999999,8.247,44.422,C2,20.7703,4.65819,5.45019,5.26887,33961,11.67
52.94,-124.39,2017-08-08 12:07:00,NOAA,AVHRR,93.18,112.545,559.303,6.827000000000001,35.492,low_veg,0.105056,0.1,0.1,4.43617,3,11.49
51.14,-120.99,2017-08-08 12:07:00,NOAA,AVHRR,94.389,198.78,713.492,8.158999999999999,44.386,D1,0.720115,1.4794100000000001,1.4794100000000001,5.27334,320,9.94
51.67,-122.86,2017-08-08 12:07:00,NOAA,AVHRR,93.178,137.356,750.248,7.29,37.836999999999996,C2,15.5095,4.4275400000000005,5.20354,5.4648,24211,11.67
48.9,-120.36,2017-08-08 12:07:00,NOAA,AVHRR,94.041,213.732,770.4639999999999,7.317,42.068000000000005,C3,7.506489999999999,4.82334,5.59384,5.56895,12597,28.58
50.99,-121.09,2017-08-08 12:07:00,NOAA,AVHRR,93.72399999999999,201.18900000000002,737.35,8.137,41.873000000000005,C3,7.4371,4.78116,5.55166,5.397930000000001,12386,11.67
48.9,-120.35,2017-08-08 12:07:00,NOAA,AVHRR,94.04899999999999,214.138,759.2660000000001,7.311,42.08,C3,7.51875,4.81976,5.59026,5.51136,12610,28.58
52.44,-121.72,2017-08-08 12:07:00,NOAA,AVHRR,94.24799999999999,151.457,590.578,8.0,42.493,C2,19.6225,4.40141,5.19341,4.6109,30572,11.67
52.93,-123.98,2017-08-08 12:07:00,NOAA,AVHRR,93.40299999999999,113.98,577.534,7.199,36.865,D1,0.548613,1.40818,1.40818,4.53836,232,9.94
53.06,-124.36,2017-08-08 12:07:00,NOAA,AVHRR,93.302,109.553,549.5740000000001,6.944,35.79,D1,0.527113,1.39675,1.39675,4.38125,221,9.94
51.67,-122.88,2017-08-08 12:07:00,NOAA,AVHRR,93.15,136.291,748.515,7.257999999999999,37.665,C2,15.3884,4.419980000000001,5.1959800000000005,5.45584,23987,11.67
52.42,-125.68,2017-08-08 12:07:00,NOAA,AVHRR,90.931,115.32600000000001,626.879,4.861000000000001,27.205,C2,8.44854,4.18733,4.85133,4.81038,12296,11.67
53.07,-124.37,2017-08-08 12:07:00,NOAA,AVHRR,93.304,109.595,549.745,6.942,35.798,D1,0.527275,1.39685,1.39685,4.38221,221,9.94
52.38,-123.55,2017-08-08 12:07:00,NOAA,AVHRR,93.081,120.96799999999999,691.3989999999999,6.983,36.374,D1,0.508207,1.43107,1.43107,5.15687,218,9.94
53.02,-124.46,2017-08-08 12:07:00,NOAA,AVHRR,93.209,110.221,548.871,6.813,35.369,C3,5.15825,4.04689,4.47239,4.377269999999999,6921,11.67
53.21,-124.24,2017-08-08 12:07:00,NOAA,AVHRR,93.462,104.792,534.461,7.159,36.155,C2,15.6838,4.0079400000000005,4.78394,4.29536,22509,11.67
51.0,-121.1,2017-08-08 12:07:00,NOAA,AVHRR,94.301,195.562,725.033,8.142999999999999,44.013000000000005,D1,0.707271,1.4791299999999998,1.4791299999999998,5.33376,314,9.94
53.21,-124.23,2017-08-08 12:07:00,NOAA,AVHRR,93.46799999999999,104.931,535.124,7.167000000000001,36.196999999999996,C2,15.7106,4.01001,4.78601,4.29914,22557,11.67
51.62,-122.75,2017-08-08 12:07:00,NOAA,AVHRR,93.348,143.30200000000002,753.0830000000001,7.474,38.828,D1,0.5575220000000001,1.45709,1.45709,5.4794599999999996,244,9.94
53.44,-124.47,2017-08-08 12:07:00,NOAA,AVHRR,93.415,94.586,491.63599999999997,7.091,34.77,D1,0.542034,1.35515,1.35515,4.04805,220,9.94
53.06,-124.35,2017-08-08 12:07:00,NOAA,AVHRR,93.30799999999999,109.541,549.761,6.952999999999999,35.821,D1,2.6406,1.39676,1.39676,4.3823099999999995,1106,9.94
52.95,-124.01,2017-08-08 12:07:00,NOAA,AVHRR,93.4,113.26700000000001,573.1759999999999,7.187,36.775,D1,0.547706,1.40645,1.40645,4.5140199999999995,231,9.94
52.37,-123.55,2017-08-08 12:07:00,NOAA,AVHRR,93.05799999999999,120.787,692.785,6.968,36.274,D1,0.505273,1.43098,1.43098,5.16421,217,9.94
50.94,-121.51,2017-08-08 12:07:00,NOAA,AVHRR,94.12799999999999,253.298,804.002,8.152000000000001,43.736000000000004,C2,20.06,4.807869999999999,5.59987,5.74,33700,11.67
52.45,-123.75,2017-08-08 12:07:00,NOAA,AVHRR,93.10600000000001,121.022,671.716,6.91,36.302,D1,0.507917,1.42924,1.42924,5.05221,218,9.94
53.22,-124.25,2017-08-08 12:13:00,NOAA,AVHRR,93.463,104.294,532.456,7.1579999999999995,36.107,C2,15.6771,4.0008099999999995,4.77681,4.28391,22466,11.67
52.52,-123.52,2017-08-08 12:13:00,NOAA,AVHRR,93.404,121.795,667.408,7.218999999999999,37.705,D1,0.551114,1.42975,1.42975,5.02918,236,9.94
51.9,-122.64,2017-08-08 12:13:00,NOAA,AVHRR,93.495,126.723,730.133,7.642,38.973,C2,16.7048,4.34506,5.12106,5.36037,25664,11.67
52.94,-124.4,2017-08-08 12:13:00,NOAA,AVHRR,93.17299999999999,112.696,560.043,6.817,35.471,O1,0.26208400000000004,0.35,0.35,0.31095900000000004,28,11.23
52.91,-124.03,2017-08-08 12:13:00,NOAA,AVHRR,93.36200000000001,114.384,578.81,7.141,36.687,C3,5.67229,4.13631,4.65381,4.54548,7919,11.67
52.94,-124.37,2017-08-08 12:13:00,NOAA,AVHRR,93.19200000000001,111.756,554.284,6.847,35.48,O1,0.263671,0.35,0.35,0.308685,28,11.23
52.95,-124.02,2017-08-08 12:13:00,NOAA,AVHRR,93.395,113.28200000000001,573.224,7.178999999999999,36.75,C2,15.657,4.12582,4.90182,4.51429,23024,11.67
50.97,-121.1,2017-08-08 12:13:00,NOAA,AVHRR,93.704,210.405,748.337,8.133,41.87,D1,0.63031,1.4837,1.4837,5.4549199999999995,281,9.94
51.08,-121.55,2017-08-08 12:13:00,NOAA,AVHRR,94.105,238.793,790.199,8.249,43.731,C2,20.0516,4.78111,5.57311,5.66986,33525,11.67
52.33,-123.3,2017-08-08 12:13:00,NOAA,AVHRR,93.06200000000001,114.34200000000001,688.587,7.122000000000001,36.149,C3,5.14254,4.24333,4.69183,5.14197,7238,11.67
53.02,-124.49,2017-08-08 12:13:00,NOAA,AVHRR,93.189,109.98100000000001,546.937,6.781000000000001,35.239000000000004,C3,5.10227,4.0412099999999995,4.45521,4.3663099999999995,6820,11.67
52.32,-123.54,2017-08-08 12:13:00,NOAA,AVHRR,92.934,120.148,701.1439999999999,6.8870000000000005,35.766999999999996,C3,4.8015099999999995,4.3181,4.7206,5.20838,6800,11.67
52.59,-121.14,2017-08-08 12:13:00,NOAA,AVHRR,94.796,144.342,482.009,7.862,43.481,D1,0.7551770000000001,1.42688,1.42688,3.9916099999999997,323,9.94
52.78,-121.06,2017-08-08 12:13:00,NOAA,AVHRR,95.059,122.60700000000001,441.76800000000003,7.931,43.147,C5,4.16365,3.6861900000000003,3.6861900000000003,3.75204,4604,11.67
52.3,-123.49,2017-08-08 12:13:00,NOAA,AVHRR,92.905,119.323,704.288,6.898,35.656,D1,0.487429,1.43022,1.43022,5.22495,209,9.94
52.43,-125.67,2017-08-08 12:13:00,NOAA,AVHRR,90.961,115.189,625.211,4.876,27.285999999999998,C2,8.50442,4.18489,4.84889,4.80129,12371,11.67
52.3,-123.51,2017-08-08 12:13:00,NOAA,AVHRR,92.897,119.88600000000001,705.05,6.881,35.638000000000005,D1,0.48611000000000004,1.43099,1.43099,5.22896,209,9.94
52.43,-123.53,2017-08-08 12:13:00,NOAA,AVHRR,93.221,120.605,681.043,7.085,36.915,C3,5.41688,4.3069,4.8014,5.10191,7803,11.67
52.75,-124.17,2017-08-08 12:13:00,NOAA,AVHRR,93.133,109.791,579.498,6.875,35.347,C3,5.07336,4.0794,4.4934,4.54931,6839,11.67
51.8,-123.3,2017-08-08 12:13:00,NOAA,AVHRR,92.664,124.779,745.688,6.632999999999999,34.903,C3,4.25781,4.39634,4.706840000000001,5.4412,6012,11.67
52.54,-124.07,2017-08-08 12:13:00,NOAA,AVHRR,93.01299999999999,121.81700000000001,647.901,6.727,35.721,C3,4.82966,4.29082,4.69332,4.92437,6800,11.67
50.91,-121.44,2017-08-08 12:13:00,NOAA,AVHRR,94.163,265.753,812.3910000000001,8.151,43.903999999999996,D1,0.6922560000000001,1.49288,1.49288,5.7824599999999995,310,9.94
52.3,-123.48,2017-08-08 12:13:00,NOAA,AVHRR,92.90899999999999,118.821,703.3610000000001,6.907,35.656,D1,0.488142,1.4295,1.4295,5.22006,209,9.94
51.83,-123.3,2017-08-08 12:13:00,NOAA,AVHRR,92.62700000000001,123.3,745.6569999999999,6.649,34.747,D1,0.45315,1.43842,1.43842,5.44104,196,9.94
51.79,-123.21,2017-08-08 12:13:00,NOAA,AVHRR,92.75,133.60299999999998,760.304,6.752999999999999,35.656,C2,13.8159,4.40876,5.16876,5.51671,21423,11.67
51.63,-122.76,2017-08-08 12:13:00,NOAA,AVHRR,93.33200000000001,143.35399999999998,754.7610000000001,7.459,38.758,C2,16.1735,4.4653599999999996,5.24136,5.488119999999999,25431,11.67
52.46,-123.86,2017-08-08 12:13:00,NOAA,AVHRR,93.052,115.845,652.242,6.825,35.702,C3,4.93973,4.22957,4.6435699999999995,4.947769999999999,6881,11.67
52.51,-123.52,2017-08-08 12:13:00,NOAA,AVHRR,93.38799999999999,121.881,669.2819999999999,7.206,37.645,C3,5.81193,4.31029,4.86229,5.0392,8478,11.67
52.64,-123.31,2017-08-08 12:13:00,NOAA,AVHRR,93.72,113.844,624.879,7.562,38.64,C3,6.72613,4.17978,4.83528,4.79948,9757,11.67
52.6,-123.35,2017-08-08 12:13:00,NOAA,AVHRR,93.666,117.88600000000001,645.286,7.487,38.67,C3,6.56872,4.24631,4.8903099999999995,4.91025,9637,11.67
53.01,-124.49,2017-08-08 12:13:00,NOAA,AVHRR,93.181,110.244,547.877,6.773,35.227,C3,5.08517,4.04589,4.459890000000001,4.37164,6804,11.67
53.3,-124.15,2017-08-08 12:13:00,NOAA,AVHRR,93.55,99.32700000000001,509.858,7.275,35.981,C2,15.9497,3.92412,4.70012,4.15402,22490,11.67
53.27,-124.04,2017-08-08 12:13:00,NOAA,AVHRR,93.587,101.723,520.4259999999999,7.3389999999999995,36.453,C2,16.1712,3.96149,4.73749,4.21497,22983,11.67
53.28,-124.04,2017-08-08 12:13:00,NOAA,AVHRR,93.59200000000001,100.881,516.0,7.3420000000000005,36.374,C2,16.1719,3.9477599999999997,4.7237599999999995,4.1894800000000005,22918,11.67
52.66,-123.36,2017-08-08 12:13:00,NOAA,AVHRR,93.68299999999999,115.061,626.501,7.5329999999999995,38.552,C3,6.627269999999999,4.19591,4.83991,4.80832,9623,11.67
53.17,-124.02,2017-08-08 12:13:00,NOAA,AVHRR,93.536,104.25,527.155,7.308,36.486999999999995,C2,16.033,3.99504,4.77104,4.25359,22948,11.67
50.95,-121.52,2017-08-08 12:13:00,NOAA,AVHRR,94.126,261.309,813.862,8.157,43.761,C2,20.0882,4.82174,5.61374,5.78989,33831,11.67
52.4,-123.13,2017-08-08 12:13:00,NOAA,AVHRR,93.38600000000001,113.935,671.687,7.406000000000001,37.499,C3,5.92554,4.22433,4.7878300000000005,5.05205,8511,11.67
52.61,-121.32,2017-08-08 12:13:00,NOAA,AVHRR,94.709,130.326,457.892,8.017999999999999,42.544,C2,20.8557,4.13229,4.92429,3.84876,30810,11.67
51.79,-122.66,2017-08-08 12:13:00,NOAA,AVHRR,93.47200000000001,142.433,760.682,7.591,39.411,C2,16.7276,4.46312,5.24712,5.51866,26331,11.67
53.04,-124.44,2017-08-08 12:13:00,NOAA,AVHRR,93.238,110.96799999999999,553.141,6.849,35.578,C3,5.235180000000001,4.06215,4.49915,4.40142,7066,11.67
51.0,-121.12,2017-08-08 12:13:00,NOAA,AVHRR,94.29700000000001,195.93200000000002,725.482,8.15,44.01,C3,8.93108,4.76162,5.635619999999999,5.3361,15100,11.67
53.3,-124.13,2017-08-08 12:13:00,NOAA,AVHRR,93.559,100.22399999999999,513.9680000000001,7.287999999999999,36.132,C2,16.0082,3.93842,4.71442,4.17776,22641,11.67
52.69,-124.19,2017-08-08 12:13:00,NOAA,AVHRR,93.06299999999999,114.26799999999999,600.7080000000001,6.797000000000001,35.394,C3,4.925330000000001,4.15965,4.56215,4.666919999999999,6741,11.67
53.16,-124.02,2017-08-08 12:13:00,NOAA,AVHRR,93.53,104.675,529.327,7.303999999999999,36.51,C2,16.0209,4.00162,4.77762,4.26602,22963,11.67
52.44,-121.73,2017-08-08 12:13:00,NOAA,AVHRR,94.244,151.987,594.617,8.003,42.513000000000005,C2,19.6208,4.4074800000000005,5.19948,4.6332699999999996,30605,11.67
52.68,-124.21,2017-08-08 12:13:00,NOAA,AVHRR,93.038,115.795,604.484,6.769,35.378,C3,4.87154,4.18181,4.57281,4.68773,6683,11.67
52.41,-123.26,2017-08-08 12:13:00,NOAA,AVHRR,93.34299999999999,115.193,675.982,7.292000000000001,37.297,C3,5.76748,4.24286,4.78336,5.0749699999999995,8276,11.67
52.4,-123.55,2017-08-08 12:13:00,NOAA,AVHRR,93.12799999999999,121.714,689.576,7.013,36.592,D1,0.514128,1.43181,1.43181,5.14722,221,9.94
52.58,-121.05,2017-08-08 12:13:00,NOAA,AVHRR,94.84100000000001,154.17600000000002,523.5219999999999,7.794,44.18600000000001,C5,3.8545800000000003,4.1662099999999995,4.1662099999999995,4.23275,4818,11.67
52.78,-123.86,2017-08-08 12:13:00,NOAA,AVHRR,93.37200000000001,106.235,581.465,7.186,36.283,C3,5.69535,4.03339,4.53939,4.56027,7756,11.67
52.78,-123.85,2017-08-08 12:13:00,NOAA,AVHRR,93.37899999999999,106.17,581.716,7.195,36.314,C3,5.71438,4.032780000000001,4.55028,4.5616699999999994,7801,11.67
51.89,-122.65,2017-08-08 12:13:00,NOAA,AVHRR,93.479,123.536,722.567,7.627999999999999,38.744,C2,16.605,4.31689,5.092890000000001,5.320869999999999,25370,11.67
51.17,-121.06,2017-08-08 12:13:00,NOAA,AVHRR,94.345,207.47299999999998,728.5160000000001,8.204,44.373000000000005,C2,20.6854,4.692080000000001,5.4840800000000005,5.35194,34032,11.67
52.46,-123.77,2017-08-08 12:13:00,NOAA,AVHRR,93.10799999999999,120.4,667.622,6.906000000000001,36.262,C3,5.09949,4.293480000000001,4.74198,5.03032,7254,11.67
51.84,-123.3,2017-08-08 12:13:00,NOAA,AVHRR,92.61399999999999,122.676,745.284,6.647,34.677,C2,13.2906,4.32262,5.0826199999999995,5.4391099999999994,20265,11.67
52.9,-123.78,2017-08-08 12:13:00,NOAA,AVHRR,93.48299999999999,113.662,586.222,7.35,37.35,C3,6.05502,4.13616,4.71116,4.58673,8558,11.67
52.51,-123.53,2017-08-08 12:13:00,NOAA,AVHRR,93.37799999999999,121.954,669.336,7.196000000000001,37.601,C3,5.7857199999999995,4.3110800000000005,4.86308,5.03949,8441,11.67
53.04,-124.01,2017-08-08 12:13:00,NOAA,AVHRR,93.455,110.382,560.4540000000001,7.247999999999999,36.783,C3,5.90643,4.06391,4.60441,4.44265,8159,11.67
52.66,-123.38,2017-08-08 12:13:00,NOAA,AVHRR,93.664,118.041,637.146,7.5120000000000005,38.668,C3,6.583130000000001,4.24038,4.88438,4.8661900000000005,9646,11.67
52.41,-123.11,2017-08-08 12:13:00,NOAA,AVHRR,93.42299999999999,113.336,667.8689999999999,7.441,37.62,C3,6.02118,4.21381,4.78881,5.03164,8650,11.67
52.86,-124.07,2017-08-08 12:13:00,NOAA,AVHRR,93.29799999999999,115.21799999999999,585.789,7.065,36.463,C3,5.5054099999999995,4.15435,4.64885,4.5843300000000005,7678,11.67
52.75,-123.85,2017-08-08 12:13:00,NOAA,AVHRR,93.367,103.39200000000001,571.874,7.167000000000001,35.989000000000004,C3,5.660159999999999,3.98085,4.47535,4.50674,7599,11.67
52.76,-124.17,2017-08-08 12:13:00,NOAA,AVHRR,93.14299999999999,110.416,579.984,6.885,35.431999999999995,C3,5.0987,4.08812,4.5136199999999995,4.55202,6904,11.67
52.43,-123.68,2017-08-08 12:13:00,NOAA,AVHRR,93.12100000000001,121.42399999999999,678.6619999999999,6.945,36.436,D1,0.51078,1.43041,1.43041,5.08924,219,9.94
52.4,-123.32,2017-08-08 12:13:00,NOAA,AVHRR,93.295,115.295,676.89,7.223,37.058,D1,2.6943799999999998,1.42224,1.42224,5.0798,1150,9.94
52.47,-123.85,2017-08-08 12:13:00,NOAA,AVHRR,93.073,119.598,660.929,6.847,36.013000000000005,D1,0.502091,1.42635,1.42635,4.99447,215,9.94
53.47,-125.17,2017-08-08 12:13:00,NOAA,AVHRR,92.471,103.874,496.26199999999994,6.303999999999999,31.729,D1,0.42451700000000003,1.37635,1.37635,4.07506,175,9.94
52.43,-123.7,2017-08-08 12:13:00,NOAA,AVHRR,93.10700000000001,121.33200000000001,677.737,6.9270000000000005,36.36,D1,0.508683,1.43021,1.43021,5.08432,218,9.94
51.66,-122.78,2017-08-08 12:13:00,NOAA,AVHRR,93.336,139.311,748.216,7.426,38.607,D1,0.553968,1.45376,1.45376,5.45429,242,9.94
52.9,-124.02,2017-08-08 12:13:00,NOAA,AVHRR,93.359,114.715,580.935,7.142,36.707,D1,2.7085,1.40978,1.40978,4.55732,1146,9.94
52.76,-123.9,2017-08-08 12:13:00,NOAA,AVHRR,93.331,107.459,585.422,7.132000000000001,36.188,D1,0.537573,1.39878,1.39878,4.58229,226,9.94
51.08,-121.54,2017-08-08 12:13:00,NOAA,AVHRR,94.10700000000001,238.42700000000002,789.178,8.25,43.739,C2,20.0585,4.780130000000001,5.5721300000000005,5.66465,33531,11.67
52.92,-124.21,2017-08-08 12:13:00,NOAA,AVHRR,93.26700000000001,113.469,569.149,6.992000000000001,36.086,D1,0.525977,1.40615,1.40615,4.49148,222,9.94
52.9,-123.76,2017-08-08 12:13:00,NOAA,AVHRR,93.48899999999999,111.027,585.432,7.367000000000001,37.229,C3,6.0698300000000005,4.10234,4.67734,4.58234,8517,11.67
50.89,-121.5,2017-08-08 12:13:00,NOAA,AVHRR,94.124,265.312,814.203,8.131,43.723,D1,0.686042,1.49289,1.49289,5.7916099999999995,307,9.94
52.9,-123.77,2017-08-08 12:13:00,NOAA,AVHRR,93.484,109.02799999999999,579.789,7.358,37.042,C3,6.044,4.06964,4.63314,4.55094,8401,11.67
51.17,-121.05,2017-08-08 12:13:00,NOAA,AVHRR,94.34700000000001,206.972,727.393,8.2,44.37,C2,20.6845,4.69032,5.48232,5.346080000000001,34020,11.67
52.6,-121.18,2017-08-08 12:13:00,NOAA,AVHRR,94.785,143.671,484.968,7.899,43.49,D1,0.755509,1.42687,1.42687,4.00899,323,9.94
52.66,-123.29,2017-08-08 12:13:00,NOAA,AVHRR,93.705,108.302,607.4069999999999,7.587000000000001,38.186,D1,2.99127,1.40331,1.40331,4.70381,1259,9.94
53.05,-124.03,2017-08-08 12:13:00,NOAA,AVHRR,93.45299999999999,109.727,556.359,7.237,36.696999999999996,D1,0.554852,1.39816,1.39816,4.419580000000001,233,9.94
52.43,-125.69,2017-08-08 12:13:00,NOAA,AVHRR,90.915,114.06200000000001,621.508,4.865,27.094,D1,0.277361,1.41424,1.41424,4.78108,118,9.94
52.06,-122.76,2017-08-08 12:13:00,NOAA,AVHRR,93.292,116.57799999999999,711.768,7.519,37.602,D1,0.550529,1.4273200000000001,1.4273200000000001,5.26429,236,9.94
52.34,-123.29,2017-08-08 12:13:00,NOAA,AVHRR,93.101,114.436,686.7719999999999,7.149,36.308,D1,0.515648,1.42201,1.42201,5.13235,220,9.94
53.07,-124.36,2017-08-08 12:13:00,NOAA,AVHRR,93.31,109.68700000000001,550.383,6.9510000000000005,35.839,D1,2.6415,1.39711,1.39711,4.38583,1107,9.94
52.65,-124.17,2017-08-08 12:13:00,NOAA,AVHRR,93.055,121.101,624.433,6.766,35.779,D1,0.49718,1.42419,1.42419,4.79705,212,9.94
52.71,-124.14,2017-08-08 12:13:00,NOAA,AVHRR,93.10799999999999,109.315,585.241,6.8629999999999995,35.253,C3,5.02304,4.07982,4.4938199999999995,4.5812800000000005,6772,11.67
50.94,-121.09,2017-08-08 12:13:00,NOAA,AVHRR,93.669,207.655,748.29,8.12,41.70399999999999,C3,7.301069999999999,4.80141,5.56041,5.45467,12179,11.67
51.87,-123.34,2017-08-08 12:13:00,NOAA,AVHRR,92.57700000000001,128.325,758.159,6.604,34.745,D1,0.447507,1.44469,1.44469,5.50565,194,9.94
50.91,-121.43,2017-08-08 12:13:00,NOAA,AVHRR,94.255,273.493,815.252,8.162,44.292,D1,0.705349,1.4935200000000002,1.4935200000000002,5.79691,316,9.94
52.65,-123.38,2017-08-08 12:13:00,NOAA,AVHRR,93.65100000000001,119.096,642.3380000000001,7.507999999999999,38.695,D1,0.590271,1.42369,1.42369,4.89431,252,9.94
52.05,-122.76,2017-08-08 12:13:00,NOAA,AVHRR,93.29,115.575,710.4780000000001,7.516,37.537,D1,0.5501,1.42585,1.42585,5.25751,235,9.94
51.88,-123.34,2017-08-08 12:13:00,NOAA,AVHRR,92.564,130.89700000000002,763.615,6.607,34.803000000000004,D1,0.44666300000000003,1.44756,1.44756,5.53376,194,9.94
52.67,-124.21,2017-08-08 12:13:00,NOAA,AVHRR,93.02799999999999,116.97399999999999,608.794,6.757999999999999,35.413000000000004,D1,0.49368599999999996,1.4168100000000001,1.4168100000000001,4.71143,210,9.94
52.39,-123.55,2017-08-08 12:13:00,NOAA,AVHRR,93.105,121.57799999999999,691.076,6.997999999999999,36.496,D1,0.511191,1.4317799999999998,1.4317799999999998,5.1551599999999995,220,9.94
53.07,-124.38,2017-08-08 12:13:00,NOAA,AVHRR,93.29799999999999,109.40799999999999,548.693,6.932,35.748000000000005,C3,5.38921,4.03597,4.49597,4.37626,7269,11.67
51.66,-122.76,2017-08-08 12:13:00,NOAA,AVHRR,93.363,140.649,750.548,7.457000000000001,38.783,C2,16.2397,4.44759,5.22359,5.46636,25449,11.67
51.67,-122.76,2017-08-08 12:13:00,NOAA,AVHRR,93.361,139.31799999999998,748.317,7.457000000000001,38.733000000000004,C2,16.2223,4.4385,5.2145,5.45481,25377,11.67
53.46,-125.17,2017-08-08 12:13:00,NOAA,AVHRR,92.48100000000001,104.085,496.865,6.303,31.775,D1,0.42535500000000004,1.37689,1.37689,4.07857,176,9.94
50.99,-115.87,2017-08-08 12:13:00,NOAA,AVHRR,84.491,54.083999999999996,251.745,7.072,10.158,low_veg,1.0783399999999999,0.1,0.1,2.51687,32,11.49
52.84,-124.06,2017-08-08 12:13:00,NOAA,AVHRR,93.286,116.553,593.249,7.059,36.527,O1,0.818357,0.35,0.35,0.323939,86,11.23
52.75,-123.82,2017-08-08 12:13:00,NOAA,AVHRR,93.387,104.086,575.3,7.194,36.157,C3,5.71988,3.9952300000000003,4.5012300000000005,4.52589,7724,11.67
50.88,-121.13,2017-08-08 12:13:00,NOAA,AVHRR,93.681,213.298,767.482,8.113,41.79600000000001,C3,7.3341199999999995,4.82132,5.5803199999999995,5.553640000000001,12278,11.67
52.85,-124.05,2017-08-08 12:13:00,NOAA,AVHRR,93.301,116.301,592.044,7.0760000000000005,36.579,C3,5.52387,4.1740900000000005,4.66859,4.61903,7737,11.67
50.91,-121.45,2017-08-08 12:13:00,NOAA,AVHRR,94.161,263.296,810.783,8.152000000000001,43.891000000000005,C2,20.2079,4.823230000000001,5.61523,5.77433,34042,11.67
51.24,-121.11,2017-08-08 12:13:00,NOAA,AVHRR,94.37100000000001,205.482,725.6289999999999,8.256,44.528999999999996,C2,20.8357,4.68579,5.47779,5.336869999999999,34240,11.67
48.89,-120.34,2017-08-08 12:13:00,NOAA,AVHRR,94.053,213.68400000000003,771.819,7.297999999999999,42.089,C3,7.519489999999999,4.82377,5.60577,5.5759,12646,28.58
52.45,-123.5,2017-08-08 12:13:00,NOAA,AVHRR,93.291,117.84,670.725,7.143,37.052,C3,5.57362,4.26847,4.78597,5.04691,8003,11.67
50.91,-121.4,2017-08-08 12:13:00,NOAA,AVHRR,94.258,271.777,812.0089999999999,8.16,44.297,O1,1.78112,0.35,0.35,0.404812,187,11.23
52.91,-124.0,2017-08-08 12:13:00,NOAA,AVHRR,93.37799999999999,114.485,580.016,7.167000000000001,36.784,C3,5.721019999999999,4.13894,4.66794,4.5522,8012,11.67
52.45,-123.48,2017-08-08 12:13:00,NOAA,AVHRR,93.31,117.74600000000001,670.7589999999999,7.162000000000001,37.137,C3,5.62251,4.26745,4.79645,5.04709,8090,11.67
53.04,-124.45,2017-08-08 12:13:00,NOAA,AVHRR,93.23100000000001,109.83,547.914,6.8389999999999995,35.441,C3,5.21173,4.04051,4.47751,4.37185,7001,11.67
53.06,-124.39,2017-08-08 12:13:00,NOAA,AVHRR,93.28399999999999,109.57600000000001,548.924,6.915,35.695,C3,5.35387,4.0385,4.4985,4.3775699999999995,7225,11.67
48.86,-114.87,2017-08-08 12:13:00,NOAA,AVHRR,93.64,201.424,510.046,6.7589999999999995,39.161,C3,6.079,4.6058699999999995,5.21537,4.1551,9511,28.58
48.9,-120.37,2017-08-08 12:13:00,NOAA,AVHRR,94.035,213.59900000000002,769.7489999999999,7.322,42.052,C3,7.49661,4.8228,5.5933,5.5652800000000004,12579,28.58
48.86,-120.43,2017-08-08 12:13:00,NOAA,AVHRR,93.969,218.717,699.077,7.565,42.076,C3,7.53908,4.802219999999999,5.584219999999999,5.19747,12630,28.58
45.4,-115.16,2017-08-08 12:13:00,NOAA,AVHRR,95.803,183.293,531.493,9.385,51.282,C3,15.8763,4.567159999999999,5.65966,4.27841,26956,28.58
51.68,-122.88,2017-08-08 12:13:00,NOAA,AVHRR,93.193,136.065,746.865,7.267,37.814,C2,15.5167,4.41769,5.19369,5.4473,24177,11.67
51.79,-123.2,2017-08-08 12:13:00,NOAA,AVHRR,92.76,133.262,759.706,6.767,35.694,C2,13.8522,4.40621,5.1662099999999995,5.51363,21469,11.67
51.63,-122.77,2017-08-08 12:13:00,NOAA,AVHRR,93.318,143.13,754.687,7.443,38.681999999999995,C3,5.91115,4.54827,5.13477,5.4877400000000005,9106,11.67
48.89,-120.39,2017-08-08 15:27:00,NOAA,AVHRR,94.008,219.08599999999998,783.382,7.547000000000001,42.299,C3,7.6388,4.83835,5.62035,5.63508,12880,28.58
48.9,-120.36,2017-08-08 15:27:00,NOAA,AVHRR,94.041,213.732,770.4639999999999,7.317,42.068000000000005,C3,7.506489999999999,4.82334,5.59384,5.56895,12597,28.58
51.25,-121.12,2017-08-08 15:27:00,NOAA,AVHRR,94.37100000000001,207.12,728.4060000000001,8.266,44.559,C2,20.8583,4.69117,5.483169999999999,5.35136,34311,11.67
51.24,-121.1,2017-08-08 15:27:00,NOAA,AVHRR,94.374,204.542,723.77,8.251,44.523,C2,20.8344,4.682519999999999,5.47452,5.32716,34217,11.67
51.18,-121.07,2017-08-08 15:27:00,NOAA,AVHRR,94.35,209.27700000000002,731.5010000000001,8.213,44.42100000000001,C2,20.724,4.69784,5.48984,5.3675,34131,11.67
51.25,-121.1,2017-08-08 15:27:00,NOAA,AVHRR,94.37799999999999,210.584,733.194,8.255,44.602,C2,20.8881,4.70172,5.49372,5.37631,34426,11.67
47.22,-113.37,2017-08-08 15:27:00,NOAA,AVHRR,91.171,158.119,441.586,10.355,33.992,C3,3.9986900000000003,4.30334,4.54484,3.75094,5452,28.58
48.9,-120.37,2017-08-08 15:27:00,NOAA,AVHRR,94.035,213.59900000000002,769.7489999999999,7.322,42.052,C3,7.49661,4.8228,5.5933,5.5652800000000004,12579,28.58
48.9,-120.38,2017-08-08 15:27:00,NOAA,AVHRR,94.02799999999999,213.378,772.8739999999999,7.327999999999999,42.034,C3,7.484319999999999,4.82356,5.59406,5.58131,12560,28.58
47.23,-113.39,2017-08-08 15:27:00,NOAA,AVHRR,91.178,175.669,482.909,10.333,34.631,C3,4.029380000000001,4.4686699999999995,4.744669999999999,3.9969,5735,28.58
50.99,-115.9,2017-08-08 15:27:00,NOAA,AVHRR,85.027,101.27799999999999,381.849,7.09,14.657,D1,0.456433,1.3385200000000002,1.3385200000000002,3.3831599999999997,183,9.94
51.15,-121.02,2017-08-08 15:27:00,NOAA,AVHRR,94.38799999999999,200.27599999999998,716.48,8.177,44.428000000000004,C2,20.763,4.66782,5.45982,5.28901,34009,11.67
48.81,-120.4,2017-08-08 15:27:00,NOAA,AVHRR,93.99,217.601,725.038,7.528,42.132,C3,7.56228,4.8122,5.5942,5.33378,12691,28.58
48.87,-114.86,2017-08-08 15:27:00,NOAA,AVHRR,93.307,176.16,455.142,6.749,37.292,C3,5.38275,4.425330000000001,4.93133,3.8323300000000002,7963,28.58
51.01,-115.92,2017-08-08 15:27:00,NOAA,AVHRR,85.119,110.264,404.707,7.091,15.277999999999999,O1,0.184569,0.35,0.35,0.246908,19,11.23
48.87,-120.45,2017-08-08 15:27:00,NOAA,AVHRR,93.80799999999999,218.885,726.86,7.564,41.512,C3,7.161560000000001,4.81554,5.56304,5.3433,11952,28.58
46.41,-113.58,2017-08-08 15:27:00,NOAA,AVHRR,93.169,149.31,489.746,10.942,41.792,C3,8.41194,4.33121,5.15921,4.037,13020,28.58
48.86,-120.45,2017-08-08 15:27:00,NOAA,AVHRR,93.794,218.238,779.572,7.56,41.51,C3,7.136889999999999,4.83542,5.58292,5.61561,11953,28.58
47.09,-114.9,2017-08-08 15:27:00,NOAA,AVHRR,96.48299999999999,226.368,539.813,9.693999999999999,55.582,C3,19.9561,4.73004,5.8570400000000005,4.32585,35065,28.58
46.42,-113.6,2017-08-08 15:27:00,NOAA,AVHRR,93.179,126.053,434.173,10.931,40.330999999999996,C3,8.316189999999999,4.03679,4.8417900000000005,3.70612,12080,28.58
46.41,-113.59,2017-08-08 15:27:00,NOAA,AVHRR,93.178,146.254,481.95599999999996,10.936,41.658,C3,8.41845,4.2974,5.1254,3.9913,12944,28.58
46.41,-113.57,2017-08-08 15:27:00,NOAA,AVHRR,93.15899999999999,149.234,490.436,10.948,41.768,C3,8.39235,4.33179,5.15979,4.04104,12991,28.58
52.4,-123.28,2017-08-08 19:48:00,USFS,MODIS,93.29299999999999,114.87100000000001,675.503,7.257999999999999,37.067,C3,5.64792,4.23869,4.76768,5.07241,8078,11.67
67.192,-128.02100000000002,2017-08-08 19:48:00,USFS,MODIS,81.263,30.680999999999997,295.22700000000003,7.909,5.766,low_veg,0.00882472,0.1,0.1,0.0,0,26.66
52.607,-121.337,2017-08-08 19:50:00,NASA,MODIS,94.68799999999999,130.828,460.801,8.027000000000001,42.53,C2,20.8024,4.13968,4.93168,3.86611,30777,11.67
54.948,-101.93,2017-08-08 19:54:00,USFS,MODIS,87.007,40.133,305.177,9.685,13.7,C3,0.0,1.7678,1.7678,0.0,0,42.33
51.231,-121.09200000000001,2017-08-08 19:55:00,NASA,MODIS,94.37299999999999,196.638,711.051,8.243,44.422,C2,20.7738,4.65511,5.4471099999999995,5.26052,33947,11.67
51.582,-122.72200000000001,2017-08-08 19:55:00,NASA,MODIS,93.391,142.4,745.5210000000001,7.518,38.993,O1,0.575651,0.35,0.35,0.38098899999999997,60,11.23
52.3,-123.53,2017-08-08 19:55:00,NASA,MODIS,92.889,120.25200000000001,705.304,6.864,35.608000000000004,D1,0.48477,1.43147,1.43147,5.2303,208,9.94
53.47,-125.15,2017-08-08 20:00:00,NASA,MODIS,92.50399999999999,103.57799999999999,495.917,6.324,31.826,D1,0.427942,1.3757,1.3757,4.07305,177,9.94
52.458999999999996,-123.48200000000001,2017-08-08 21:02:00,USFS,VIIRS,93.32600000000001,119.24799999999999,669.6289999999999,7.172999999999999,37.272,C3,5.66357,4.28292,4.81191,5.04106,8176,11.67
52.43,-123.69,2017-08-08 21:02:00,USFS,VIIRS,93.11399999999999,121.22,677.783,6.936,36.391,D1,0.509753,1.43008,1.43008,5.08456,219,9.94
52.955,-124.01799999999999,2017-08-08 21:02:00,USFS,VIIRS,93.399,113.125,572.406,7.184,36.755,D1,0.547447,1.40612,1.40612,4.50972,231,9.94
52.93600000000001,-124.206,2017-08-08 21:02:00,USFS,VIIRS,93.28399999999999,113.01,567.149,7.007000000000001,36.121,D1,0.5282319999999999,1.40514,1.40514,4.48027,223,9.94
52.32,-123.29,2017-08-08 21:02:00,USFS,VIIRS,93.038,114.20200000000001,690.296,7.115,36.058,C3,5.09545,4.24306,4.68006,5.15103,7154,11.67
53.211999999999996,-124.24,2017-08-08 21:02:00,USFS,VIIRS,93.464,104.708,534.133,7.1610000000000005,36.156,C2,15.6904,4.00675,4.78275,4.29349,22513,11.67
53.45,-124.48,2017-08-08 21:02:00,USFS,VIIRS,93.405,95.021,491.876,7.08,34.766999999999996,C2,15.2559,3.85466,4.62266,4.04946,21157,11.67
52.753,-123.804,2017-08-08 21:02:00,USFS,VIIRS,93.4,103.603,574.095,7.212000000000001,36.18,C3,5.75476,3.9866800000000002,4.50418,4.51916,7776,11.67
52.347,-123.29899999999999,2017-08-08 21:02:00,USFS,VIIRS,93.116,114.363,685.1560000000001,7.151,36.35,O1,1.3270899999999999,0.35,0.35,0.35882,139,11.23
51.961000000000006,-125.14299999999999,2017-08-08 21:02:00,USFS,VIIRS,91.434,135.425,713.5369999999999,5.191,29.833000000000002,C2,9.68023,4.39529,5.09129,5.273569999999999,14785,11.67
52.446000000000005,-121.72399999999999,2017-08-08 21:02:00,USFS,VIIRS,94.24600000000001,150.786,589.564,8.007,42.472,C2,19.6182,4.39711,5.1891099999999994,4.6052800000000005,30540,11.67
53.255,-124.166,2017-08-08 21:02:00,USFS,VIIRS,93.515,100.866,516.999,7.233,35.995,O1,0.8671030000000001,0.35,0.35,0.293794,91,11.23
52.94,-123.975,2017-08-08 21:02:00,USFS,VIIRS,93.412,113.65799999999999,575.742,7.21,36.88,D1,0.549966,1.40743,1.40743,4.52836,232,9.94
52.327,-123.292,2017-08-08 21:02:00,USFS,VIIRS,93.059,114.455,689.49,7.125,36.150999999999996,C3,5.1391,4.2454,4.6939,5.14676,7237,11.67
52.902,-124.01700000000001,2017-08-08 21:40:00,NASA,MODIS,93.363,114.665,580.711,7.146,36.723,C3,5.6792,4.14191,4.65941,4.55607,7939,11.67
52.651,-123.382,2017-08-08 21:40:00,NASA,MODIS,93.65,119.802,644.286,7.507000000000001,38.734,C3,6.55709,4.26631,4.91031,4.90484,9659,11.67
53.486000000000004,-125.095,2017-08-08 21:40:00,NASA,MODIS,92.581,102.48100000000001,494.159,6.382000000000001,32.032,D1,0.43644399999999994,1.37314,1.37314,4.062790000000001,180,9.94
52.32,-123.29799999999999,2017-08-08 21:40:00,NASA,MODIS,93.03299999999999,114.251,690.4119999999999,7.107,36.036,C3,5.08258,4.24373,4.6807300000000005,5.15165,7137,11.67
51.236000000000004,-121.10600000000001,2017-08-08 21:40:00,NASA,MODIS,94.37,205.308,725.291,8.252,44.516999999999996,C2,20.826,4.68519,5.47719,5.3351,34220,11.67
52.935,-123.977,2017-08-08 21:40:00,NASA,MODIS,93.40799999999999,113.84100000000001,576.809,7.205,36.876999999999995,C2,15.7301,4.13396,4.90996,4.53432,23170,11.67
52.93,-124.21,2017-08-08 21:40:00,NASA,MODIS,93.27600000000001,113.134,567.465,6.999,36.094,O1,1.08428,0.35,0.35,0.313879,114,11.23
52.747,-123.819,2017-08-08 21:40:00,NASA,MODIS,93.38600000000001,104.141,575.871,7.192,36.16,C3,5.7175199999999995,3.9967300000000003,4.502730000000001,4.52908,7723,11.67
55.0,-102.96,2017-08-08 21:57:00,NOAA,AVHRR,88.92,48.277,342.786,9.705,18.500999999999998,C2,6.9553899999999995,2.8005400000000003,3.3925400000000003,3.13361,7079,42.33
60.34,-111.06,2017-08-08 22:06:00,NOAA,AVHRR,85.757,55.74,447.542,11.069,15.306,C1,0.129665,1.1824299999999999,1.1824299999999999,3.7867900000000003,46,26.62
57.71,-109.13,2017-08-08 22:06:00,NOAA,AVHRR,87.932,27.995,341.269,10.111,13.335,C1,0.336451,1.3286200000000001,1.3286200000000001,3.12376,134,42.33
60.65,-110.59,2017-08-08 22:06:00,NOAA,AVHRR,86.17299999999999,53.663999999999994,447.765,11.087,15.752,C1,0.163275,1.22038,1.22038,3.78813,60,26.62
60.3,-110.9,2017-08-08 22:06:00,NOAA,AVHRR,85.58200000000001,55.879,440.30199999999996,11.199000000000002,15.083,C2,4.1353,3.11528,3.53128,3.7431900000000002,4381,26.62
60.54,-109.05,2017-08-08 22:06:00,NOAA,AVHRR,85.27799999999999,47.55,400.788,11.513,13.600999999999999,C1,0.107866,1.12849,1.12849,3.50146,37,26.62
59.9,-108.16,2017-08-08 22:06:00,NOAA,AVHRR,85.105,37.662,341.353,11.911,11.962,C2,3.62293,2.46425,2.80825,3.12431,3052,42.33
60.53,-109.27,2017-08-08 22:06:00,NOAA,AVHRR,85.417,48.401,399.409,11.479000000000001,13.892999999999999,C1,0.11579500000000001,1.14554,1.14554,3.4929,40,26.62
61.03,-111.93,2017-08-08 22:06:00,NOAA,AVHRR,87.51899999999999,53.04600000000001,495.829,10.387,17.838,C1,0.297819,1.30867,1.30867,4.07254,117,26.62
67.482,-134.393,2017-08-08 22:41:00,USFS,VIIRS,75.655,20.839000000000002,344.749,9.32,2.878,low_veg,0.00655396,0.1,0.1,0.0,0,26.66
66.2,-127.65,2017-08-08 23:46:00,NOAA,AVHRR,83.477,37.869,300.89,7.912000000000001,8.288,C1,0.0189838,0.497508,0.497508,2.8566,3,26.62
